# ObsID,unabsorbed,model,Cstat,nH,nH error plus,nH error minus,gamma,gamma error plus,gamma error minus,0.3-7.5 flux,xflux error plus,xflux_error_minus,2-10 flux,flux210 error plus,flux210 error minus,Soft flux,fluxsoft error plus,fluxsoft error minus,Medium flux,fluxmed error plus,fluxmed error minus,Hard flux,fluxhard error plus,fluxhard error minus,Sum flux,fluxsum error plus,fluxsum error minus,Test Statistic,Ce,Cv,CXO name,RA,Dec,Z,galactic nH,counts,luminosity,luminosity error,Flux_OIII_5006,Flux_OIII_5006_err,Fx/F[OIII],Fx/F[OIII].1,compton thick,srcid,src_num,detid,observation_id,observation_oid,ra,dec,duration,IAUNAME,ra_2,dec_2,IAUstripped,MJD,FIBERID,PLATE,CSC21P_name,CHANDRA_OBSID, OBSDATE, TIME
10547,True,main,426.3741637211506,0.001769093023893,0.0879858460867979,,1.7316417258260923,0.2980405077466395,0.2980405077466395,4.6991242031578854e-14,8.538697827487475e-15,8.538697827487475e-15,3.3862616428138614e-14,2.1664939650289255e-14,2.1664939650289255e-14,4.601268201660026e-15,5.0926490514370175e-14,5.0926490514370175e-14,1.8111689524512272e-14,3.7415744384068477e-14,3.7415744384068477e-14,1.5052962639750824e-14,4.047633705327611e-14,4.047633705327611e-14,3.7765582840786645e-14,1.7762683564717323e-14,1.7762683564717323e-14,12.778476868007628,180.99875798807844,368.72609939594867,2CXO J001544.1+171602,3.933901739147871,17.26723686108447,0.48664838,0.0419,47,4.3183786127573663e+43,7.846851558901176e+42,77.89472,10.55857,60.3266075435907,13.675856403554834,False,202021902010010.0,10.0,102021902010010.0,0202190201,57587.0,3.9338959480466,17.26741642391,24981.0,4XMM J001544.1+171602,3.933901739147871,17.26723686108447,J001544.1+171602,56270.0,113.0,6111.0,2CXO J001544.1+171602,10547,2008-10-29,9.9
15046,True,main,689.6718989723258,0.0022970829950758,0.0282781524962929,,1.5082184337439064,0.1473538234173347,0.1473538234173347,1.8676525840676617e-13,1.5726699575309282e-14,1.5726699575309282e-14,1.6349835382183448e-13,3.898867832111954e-14,3.898867832111954e-14,1.0133555974065447e-14,1.9235478287355947e-13,1.9235478287355947e-13,6.226965264012129e-14,1.402225885024561e-13,1.402225885024561e-13,6.728476926909928e-14,1.3520747426073852e-13,1.3520747426073852e-13,1.3975432117974884e-13,6.273316115973785e-14,6.273316115973785e-14,15.416018559247291,362.1560328857568,451.3570583469591,2CXO J015024.3+223139,27.60130982825308,22.527783548755025,0.25525594,0.0644,187,3.7833438273423327e+43,3.185791204974882e+42,90.42487,9.899306,206.54191530136143,28.52633289676435,False,202044101010008.0,8.0,102044101010008.0,0204410101,57826.0,27.601170070355,22.527539014585,10035.0,4XMM J015024.2+223139,27.60130982825308,22.527783548755025,J015024.3+223139,55895.0,316.0,5112.0,2CXO J015024.3+223139,15046,2013-01-01,14.8
5777,True,main,488.6423887916872,7.214387061436076e-05,0.037307428083277,,2.0428865625528587,0.4455684539175409,0.4455684539175409,2.5547837382216873e-14,4.987466254573001e-15,4.987466254573001e-15,1.3195614646526632e-14,1.7338570463994167e-14,1.7338570463994167e-14,4.7269200521548216e-15,2.5808614125297182e-14,2.5808614125297182e-14,1.1095029676144714e-14,1.9442023662999188e-14,1.9442023662999188e-14,6.4353991464778376e-15,2.4100417696718424e-14,2.4100417696718424e-14,2.2262288212470505e-14,8.273233568052059e-15,8.273233568052059e-15,14.765402165117907,202.4232610599216,375.75671205183653,2CXO J015948.6+003021,29.952684622295465,0.5057025436371161,0.40993378,0.0224,55,1.5586073988582025e+43,3.042724004241549e+42,740.7513,47.73425,3.4489088824031593,0.7090311610060581,False,201016402010014.0,14.0,101016402010014.0,0101640201,54912.0,29.952763595883,0.50514427650241,11511.0,4XMM J015948.6+003018,29.952684622295465,0.5057025436371161,J015948.6+003021,55478.0,650.0,4234.0,2CXO J015948.6+003021,5777,2005-09-02,19.9
5626,True,main,772.4522521240663,9.15252644845023e-05,0.0035320139473039,,1.5575890354202089,0.0699931677930114,0.0699931677930114,5.50078551156786e-13,2.1359436878579656e-14,2.1359436878579656e-14,4.38659304991532e-13,1.3277822078702217e-13,1.3277822078702217e-13,4.886300184430078e-14,5.225755526181694e-13,5.225755526181694e-13,1.924108887443485e-13,3.7902774855291377e-13,3.7902774855291377e-13,1.8408310837100672e-13,3.873554660673508e-13,3.873554660673508e-13,4.2543365424383723e-13,1.4600286165232422e-13,1.4600286165232422e-13,11.587183894230611,479.0432554683611,641.1963678600567,2CXO J080421.3+100611,121.08883204838436,10.103212730028536,0.034237914,0.024,746,1.5086486091270224e+42,5.858051485708817e+40,324.6565,14.60562,169.4340175406271,10.069094133183844,False,208434401010012.0,12.0,108434401010012.0,0843440101,70607.0,121.08858373704,10.103237483879,12691.0,4XMM J080421.2+100611,121.08883204838436,10.103212730028536,J080421.3+100611,54139.0,442.0,2419.0,2CXO J080421.3+100611,5626,2004-12-12,19.8
20889,True,ERROR,700.4867288610234,0.0001791439770645,,,-0.797122749587839,,,8.73323990356417e-14,1.0608060845696504e-14,1.0608060845696504e-14,1.9346284443748142e-13,9.551889756982366e-14,9.551889756982366e-14,4.0969655016035845e-17,9.790681079268817e-14,9.790681079268817e-14,3.0093510662792816e-15,9.493658214705967e-14,9.493658214705967e-14,2.4870152693586343e-14,7.307465403630586e-14,7.307465403630586e-14,2.7922181075040843e-14,7.002231201093091e-14,7.002231201093091e-14,17.1203607928888,383.40527574975215,343.0171657435508,2CXO J080534.9+240950,121.39586349998638,24.163961870007373,0.059677996,0.0444,149,7.55334661234604e+41,9.174872250984602e+40,5134.749,64.44721,1.7008114522373283,0.2076935314974401,False,202032802010003.0,3.0,102032802010003.0,0203280201,57687.0,121.39593250297,24.163965130214,7036.0,4XMM J080535.0+240950,121.39586349998638,24.163961870007373,J080534.9+240950,52705.0,158.0,1265.0,2CXO J080534.9+240950,20889,2017-12-21,32.7
20889b,True,ERROR,700.4867288610234,0.0001791439770645,,,-0.797122749587839,,,8.73323990356417e-14,1.0608060845696504e-14,1.0608060845696504e-14,1.9346284443748142e-13,9.551889756982366e-14,9.551889756982366e-14,4.0969655016035845e-17,9.790681079268817e-14,9.790681079268817e-14,3.0093510662792816e-15,9.493658214705967e-14,9.493658214705967e-14,2.4870152693586343e-14,7.307465403630586e-14,7.307465403630586e-14,2.7922181075040843e-14,7.002231201093091e-14,7.002231201093091e-14,17.1203607928888,383.40527574975215,343.0171657435508,2CXO J080535.1+240948,121.3962701799946,24.16334715622733,0.059677996,0.0444,149,7.55334661234604e+41,9.174872250984602e+40,5134.749,64.44721,1.7008114522373283,0.2076935314974401,False,202032802010003.0,3.0,102032802010003.0,0203280201,57687.0,121.39593250297,24.163965130214,7036.0,4XMM J080535.0+240950,121.39586349998638,24.163961870007373,J080534.9+240950,52705.0,158.0,1265.0,2CXO J080535.1+240948,20889,2017-12-21,32.7
2038,True,res,692.3183775054367,0.0399519811432403,0.1005323762875495,,1.9,,,3.800393936516758e-14,6.079969439579263e-15,6.079969439579263e-15,2.3207545725667303e-14,2.0878710290812822e-14,2.0878710290812822e-14,5.220012371899063e-15,3.8865092960767375e-14,3.8865092960767375e-14,1.5855861566650083e-14,2.8230412294523663e-14,2.8230412294523663e-14,1.0868696064664916e-14,3.3220858647128083e-14,3.3220858647128083e-14,3.1952423280662174e-14,1.2133312828060134e-14,1.2133312828060134e-14,ERROR,ERROR,ERROR,2CXO J100059.4+555140,150.24787934990104,55.86116342175639,0.28208083,0.00868,180,9.67932076366746e+42,1.5485230063523878e+42,28.15051,3.799006,135.00266732349638,28.256173080336,False,201109302010047.0,46.0,108027103010046.0,0802710301,68534.0,150.24738369564,55.860898157932,19442.0,4XMM J100059.4+555139,150.24787934990104,55.86116342175639,J100059.4+555140,56624.0,522.0,7084.0,2CXO J100059.4+555140,2038,2001-03-07,26.6
2038,True,res,692.3183775054367,0.0399519811432403,0.1005323762875495,,1.9,,,3.800393936516758e-14,6.079969439579263e-15,6.079969439579263e-15,2.3207545725667303e-14,2.0878710290812822e-14,2.0878710290812822e-14,5.220012371899063e-15,3.8865092960767375e-14,3.8865092960767375e-14,1.5855861566650083e-14,2.8230412294523663e-14,2.8230412294523663e-14,1.0868696064664916e-14,3.3220858647128083e-14,3.3220858647128083e-14,3.1952423280662174e-14,1.2133312828060134e-14,1.2133312828060134e-14,ERROR,ERROR,ERROR,2CXO J100059.4+555140,150.24787934990104,55.86116342175639,0.28208083,0.00868,180,9.67932076366746e+42,1.5485230063523878e+42,28.15051,3.799006,135.00266732349638,28.256173080336,False,201109302010047.0,18.0,108027105010018.0,0802710501,68562.0,150.24732370657,55.860929634883,19449.0,4XMM J100059.4+555139,150.24787934990104,55.86116342175639,J100059.4+555140,56624.0,522.0,7084.0,2CXO J100059.4+555140,2038,2001-03-07,26.6
2038,True,res,692.3183775054367,0.0399519811432403,0.1005323762875495,,1.9,,,3.800393936516758e-14,6.079969439579263e-15,6.079969439579263e-15,2.3207545725667303e-14,2.0878710290812822e-14,2.0878710290812822e-14,5.220012371899063e-15,3.8865092960767375e-14,3.8865092960767375e-14,1.5855861566650083e-14,2.8230412294523663e-14,2.8230412294523663e-14,1.0868696064664916e-14,3.3220858647128083e-14,3.3220858647128083e-14,3.1952423280662174e-14,1.2133312828060134e-14,1.2133312828060134e-14,ERROR,ERROR,ERROR,2CXO J100059.4+555140,150.24787934990104,55.86116342175639,0.28208083,0.00868,180,9.67932076366746e+42,1.5485230063523878e+42,28.15051,3.799006,135.00266732349638,28.256173080336,False,201109302010047.0,108.0,108027110010108.0,0802711001,68930.0,150.24800608601,55.861412620475,22062.0,4XMM J100059.4+555139,150.24787934990104,55.86116342175639,J100059.4+555140,56624.0,522.0,7084.0,2CXO J100059.4+555140,2038,2001-03-07,26.6
2038,True,res,692.3183775054367,0.0399519811432403,0.1005323762875495,,1.9,,,3.800393936516758e-14,6.079969439579263e-15,6.079969439579263e-15,2.3207545725667303e-14,2.0878710290812822e-14,2.0878710290812822e-14,5.220012371899063e-15,3.8865092960767375e-14,3.8865092960767375e-14,1.5855861566650083e-14,2.8230412294523663e-14,2.8230412294523663e-14,1.0868696064664916e-14,3.3220858647128083e-14,3.3220858647128083e-14,3.1952423280662174e-14,1.2133312828060134e-14,1.2133312828060134e-14,ERROR,ERROR,ERROR,2CXO J100059.4+555140,150.24787934990104,55.86116342175639,0.28208083,0.00868,180,9.67932076366746e+42,1.5485230063523878e+42,28.15051,3.799006,135.00266732349638,28.256173080336,False,201109302010047.0,29.0,101477601010029.0,0147760101,56741.0,150.2480909644,55.861478822759,41142.0,4XMM J100059.4+555139,150.24787934990104,55.86116342175639,J100059.4+555140,56624.0,522.0,7084.0,2CXO J100059.4+555140,2038,2001-03-07,26.6
2038,True,res,692.3183775054367,0.0399519811432403,0.1005323762875495,,1.9,,,3.800393936516758e-14,6.079969439579263e-15,6.079969439579263e-15,2.3207545725667303e-14,2.0878710290812822e-14,2.0878710290812822e-14,5.220012371899063e-15,3.8865092960767375e-14,3.8865092960767375e-14,1.5855861566650083e-14,2.8230412294523663e-14,2.8230412294523663e-14,1.0868696064664916e-14,3.3220858647128083e-14,3.3220858647128083e-14,3.1952423280662174e-14,1.2133312828060134e-14,1.2133312828060134e-14,ERROR,ERROR,ERROR,2CXO J100059.4+555140,150.24787934990104,55.86116342175639,0.28208083,0.00868,180,9.67932076366746e+42,1.5485230063523878e+42,28.15051,3.799006,135.00266732349638,28.256173080336,False,201109302010047.0,48.0,101109302010047.0,0110930201,55368.0,150.24733607719,55.860503320264,20024.0,4XMM J100059.4+555139,150.24787934990104,55.86116342175639,J100059.4+555140,56624.0,522.0,7084.0,2CXO J100059.4+555140,2038,2001-03-07,26.6
2038,True,res,692.3183775054367,0.0399519811432403,0.1005323762875495,,1.9,,,3.800393936516758e-14,6.079969439579263e-15,6.079969439579263e-15,2.3207545725667303e-14,2.0878710290812822e-14,2.0878710290812822e-14,5.220012371899063e-15,3.8865092960767375e-14,3.8865092960767375e-14,1.5855861566650083e-14,2.8230412294523663e-14,2.8230412294523663e-14,1.0868696064664916e-14,3.3220858647128083e-14,3.3220858647128083e-14,3.1952423280662174e-14,1.2133312828060134e-14,1.2133312828060134e-14,ERROR,ERROR,ERROR,2CXO J100059.4+555140,150.24787934990104,55.86116342175639,0.28208083,0.00868,180,9.67932076366746e+42,1.5485230063523878e+42,28.15051,3.799006,135.00266732349638,28.256173080336,False,201109302010047.0,25.0,108027101010025.0,0802710101,68526.0,150.2468330222,55.860594317644,19841.0,4XMM J100059.4+555139,150.24787934990104,55.86116342175639,J100059.4+555140,56624.0,522.0,7084.0,2CXO J100059.4+555140,2038,2001-03-07,26.6
2038,True,res,692.3183775054367,0.0399519811432403,0.1005323762875495,,1.9,,,3.800393936516758e-14,6.079969439579263e-15,6.079969439579263e-15,2.3207545725667303e-14,2.0878710290812822e-14,2.0878710290812822e-14,5.220012371899063e-15,3.8865092960767375e-14,3.8865092960767375e-14,1.5855861566650083e-14,2.8230412294523663e-14,2.8230412294523663e-14,1.0868696064664916e-14,3.3220858647128083e-14,3.3220858647128083e-14,3.1952423280662174e-14,1.2133312828060134e-14,1.2133312828060134e-14,ERROR,ERROR,ERROR,2CXO J100059.4+555140,150.24787934990104,55.86116342175639,0.28208083,0.00868,180,9.67932076366746e+42,1.5485230063523878e+42,28.15051,3.799006,135.00266732349638,28.256173080336,False,201109302010047.0,52.0,108027108010052.0,0802710801,68914.0,150.24833296279,55.861490943654,22763.0,4XMM J100059.4+555139,150.24787934990104,55.86116342175639,J100059.4+555140,56624.0,522.0,7084.0,2CXO J100059.4+555140,2038,2001-03-07,26.6
2038,True,res,692.3183775054367,0.0399519811432403,0.1005323762875495,,1.9,,,3.800393936516758e-14,6.079969439579263e-15,6.079969439579263e-15,2.3207545725667303e-14,2.0878710290812822e-14,2.0878710290812822e-14,5.220012371899063e-15,3.8865092960767375e-14,3.8865092960767375e-14,1.5855861566650083e-14,2.8230412294523663e-14,2.8230412294523663e-14,1.0868696064664916e-14,3.3220858647128083e-14,3.3220858647128083e-14,3.1952423280662174e-14,1.2133312828060134e-14,1.2133312828060134e-14,ERROR,ERROR,ERROR,2CXO J100059.4+555140,150.24787934990104,55.86116342175639,0.28208083,0.00868,180,9.67932076366746e+42,1.5485230063523878e+42,28.15051,3.799006,135.00266732349638,28.256173080336,False,201109302010047.0,56.0,108027109010056.0,0802710901,68924.0,150.24856285188,55.861294079737,19162.0,4XMM J100059.4+555139,150.24787934990104,55.86116342175639,J100059.4+555140,56624.0,522.0,7084.0,2CXO J100059.4+555140,2038,2001-03-07,26.6
2038,True,res,692.3183775054367,0.0399519811432403,0.1005323762875495,,1.9,,,3.800393936516758e-14,6.079969439579263e-15,6.079969439579263e-15,2.3207545725667303e-14,2.0878710290812822e-14,2.0878710290812822e-14,5.220012371899063e-15,3.8865092960767375e-14,3.8865092960767375e-14,1.5855861566650083e-14,2.8230412294523663e-14,2.8230412294523663e-14,1.0868696064664916e-14,3.3220858647128083e-14,3.3220858647128083e-14,3.1952423280662174e-14,1.2133312828060134e-14,1.2133312828060134e-14,ERROR,ERROR,ERROR,2CXO J100059.4+555140,150.24787934990104,55.86116342175639,0.28208083,0.00868,180,9.67932076366746e+42,1.5485230063523878e+42,28.15051,3.799006,135.00266732349638,28.256173080336,False,201109302010047.0,31.0,108027102010031.0,0802710201,68529.0,150.24810844851,55.861548043041,19441.0,4XMM J100059.4+555139,150.24787934990104,55.86116342175639,J100059.4+555140,56624.0,522.0,7084.0,2CXO J100059.4+555140,2038,2001-03-07,26.6
2038,True,res,692.3183775054367,0.0399519811432403,0.1005323762875495,,1.9,,,3.800393936516758e-14,6.079969439579263e-15,6.079969439579263e-15,2.3207545725667303e-14,2.0878710290812822e-14,2.0878710290812822e-14,5.220012371899063e-15,3.8865092960767375e-14,3.8865092960767375e-14,1.5855861566650083e-14,2.8230412294523663e-14,2.8230412294523663e-14,1.0868696064664916e-14,3.3220858647128083e-14,3.3220858647128083e-14,3.1952423280662174e-14,1.2133312828060134e-14,1.2133312828060134e-14,ERROR,ERROR,ERROR,2CXO J100059.4+555140,150.24787934990104,55.86116342175639,0.28208083,0.00868,180,9.67932076366746e+42,1.5485230063523878e+42,28.15051,3.799006,135.00266732349638,28.256173080336,False,201109302010047.0,46.0,108027107010046.0,0802710701,68586.0,150.24877023581,55.861656474615,19441.0,4XMM J100059.4+555139,150.24787934990104,55.86116342175639,J100059.4+555140,56624.0,522.0,7084.0,2CXO J100059.4+555140,2038,2001-03-07,26.6
2038,True,res,692.3183775054367,0.0399519811432403,0.1005323762875495,,1.9,,,3.800393936516758e-14,6.079969439579263e-15,6.079969439579263e-15,2.3207545725667303e-14,2.0878710290812822e-14,2.0878710290812822e-14,5.220012371899063e-15,3.8865092960767375e-14,3.8865092960767375e-14,1.5855861566650083e-14,2.8230412294523663e-14,2.8230412294523663e-14,1.0868696064664916e-14,3.3220858647128083e-14,3.3220858647128083e-14,3.1952423280662174e-14,1.2133312828060134e-14,1.2133312828060134e-14,ERROR,ERROR,ERROR,2CXO J100059.4+555140,150.24787934990104,55.86116342175639,0.28208083,0.00868,180,9.67932076366746e+42,1.5485230063523878e+42,28.15051,3.799006,135.00266732349638,28.256173080336,False,201109302010047.0,25.0,108027104010025.0,0802710401,68553.0,150.24814200176,55.861435962879,15764.0,4XMM J100059.4+555139,150.24787934990104,55.86116342175639,J100059.4+555140,56624.0,522.0,7084.0,2CXO J100059.4+555140,2038,2001-03-07,26.6
15229,True,ERROR,566.313564238927,0.0104958868964471,1.8463926100804509,,-1.2961499707850348,0.6520766921204797,0.6520766921204797,3.6160392987313286e-14,6.9155333078584146e-15,6.9155333078584146e-15,9.294326598417579e-14,4.9867192489537196e-14,4.9867192489537196e-14,6.072812200271716e-18,4.3070228227209033e-14,4.3070228227209033e-14,7.120756591230166e-16,4.2364290372277736e-14,4.2364290372277736e-14,8.758691416844631e-15,3.431857199398052e-14,3.431857199398052e-14,9.475669159038143e-15,3.360211207660239e-14,3.360211207660239e-14,14.572026231116121,273.06231075343413,404.98586508471334,2CXO J100141.9+020358,150.4248867555845,2.06614075852984,0.1247853,0.0177,63,1.495685692932343e+42,2.860440214571194e+41,131.1834,11.30257,27.564762757569383,5.781925380220476,False,202033608010075.0,140.0,106727801010142.0,0672780101,62595.0,150.42465310008,2.0659130922614,126275.0,4XMM J100141.9+020357,150.4248867555845,2.06614075852984,J100141.9+020358,52235.0,231.0,501.0,2CXO J100141.9+020358,15229,2013-05-10,49.0
15229,True,ERROR,566.313564238927,0.0104958868964471,1.8463926100804509,,-1.2961499707850348,0.6520766921204797,0.6520766921204797,3.6160392987313286e-14,6.9155333078584146e-15,6.9155333078584146e-15,9.294326598417579e-14,4.9867192489537196e-14,4.9867192489537196e-14,6.072812200271716e-18,4.3070228227209033e-14,4.3070228227209033e-14,7.120756591230166e-16,4.2364290372277736e-14,4.2364290372277736e-14,8.758691416844631e-15,3.431857199398052e-14,3.431857199398052e-14,9.475669159038143e-15,3.360211207660239e-14,3.360211207660239e-14,14.572026231116121,273.06231075343413,404.98586508471334,2CXO J100141.9+020358,150.4248867555845,2.06614075852984,0.1247853,0.0177,63,1.495685692932343e+42,2.860440214571194e+41,131.1834,11.30257,27.564762757569383,5.781925380220476,False,202033608010075.0,37.0,103023509010035.0,0302350901,58371.0,150.42493450665,2.0653541056799,16730.0,4XMM J100141.9+020357,150.4248867555845,2.06614075852984,J100141.9+020358,52235.0,231.0,501.0,2CXO J100141.9+020358,15229,2013-05-10,49.0
15229,True,ERROR,566.313564238927,0.0104958868964471,1.8463926100804509,,-1.2961499707850348,0.6520766921204797,0.6520766921204797,3.6160392987313286e-14,6.9155333078584146e-15,6.9155333078584146e-15,9.294326598417579e-14,4.9867192489537196e-14,4.9867192489537196e-14,6.072812200271716e-18,4.3070228227209033e-14,4.3070228227209033e-14,7.120756591230166e-16,4.2364290372277736e-14,4.2364290372277736e-14,8.758691416844631e-15,3.431857199398052e-14,3.431857199398052e-14,9.475669159038143e-15,3.360211207660239e-14,3.360211207660239e-14,14.572026231116121,273.06231075343413,404.98586508471334,2CXO J100141.9+020358,150.4248867555845,2.06614075852984,0.1247853,0.0177,63,1.495685692932343e+42,2.860440214571194e+41,131.1834,11.30257,27.564762757569383,5.781925380220476,False,202033608010075.0,66.0,102033608010075.0,0203360801,57698.0,150.42515810017,2.0664196087851,34793.0,4XMM J100141.9+020357,150.4248867555845,2.06614075852984,J100141.9+020358,52235.0,231.0,501.0,2CXO J100141.9+020358,15229,2013-05-10,49.0
15229,True,ERROR,566.313564238927,0.0104958868964471,1.8463926100804509,,-1.2961499707850348,0.6520766921204797,0.6520766921204797,3.6160392987313286e-14,6.9155333078584146e-15,6.9155333078584146e-15,9.294326598417579e-14,4.9867192489537196e-14,4.9867192489537196e-14,6.072812200271716e-18,4.3070228227209033e-14,4.3070228227209033e-14,7.120756591230166e-16,4.2364290372277736e-14,4.2364290372277736e-14,8.758691416844631e-15,3.431857199398052e-14,3.431857199398052e-14,9.475669159038143e-15,3.360211207660239e-14,3.360211207660239e-14,14.572026231116121,273.06231075343413,404.98586508471334,2CXO J100141.9+020358,150.4248867555845,2.06614075852984,0.1247853,0.0177,63,1.495685692932343e+42,2.860440214571194e+41,131.1834,11.30257,27.564762757569383,5.781925380220476,False,202033608010075.0,40.0,102033609010040.0,0203360901,57699.0,150.42497421654,2.0658700991359,34048.0,4XMM J100141.9+020357,150.4248867555845,2.06614075852984,J100141.9+020358,52235.0,231.0,501.0,2CXO J100141.9+020358,15229,2013-05-10,49.0
5606,True,res,527.0651599427181,0.0166737292667277,0.1351651806012997,,1.9,,,5.915181673533105e-15,1.7128205158364625e-15,1.7128205158364625e-15,3.723150577178619e-15,3.903453205855483e-15,3.903453205855483e-15,7.279885366801588e-16,6.9001959174152944e-15,6.9001959174152944e-15,2.4783510380521493e-15,5.147220504958271e-15,5.147220504958271e-15,1.7422401517425626e-15,5.886067918551312e-15,5.886067918551312e-15,4.945594396813035e-15,2.6824973575125648e-15,2.6824973575125648e-15,ERROR,ERROR,ERROR,2CXO J100713.2+124712,151.80523706670436,12.786987401922428,0.24810633,0.0346,81,1.123106334757754e+42,3.2521056457932453e+41,7.651914,4.675162,77.30329527400734,52.26656711076184,False,201405506010089.0,64.0,107289802010064.0,0728980201,64757.0,151.80539818632,12.787714538866,63042.0,4XMM J100713.4+124714,151.80523706670436,12.786987401922428,J100713.2+124712,53055.0,590.0,1744.0,2CXO J100713.2+124712,5606,2005-01-05,41.1
21395,True,main,480.3326012175263,0.0327885307756558,,,1.7796475501564806,,,6.96508551792272e-14,7.93362981281964e-15,7.93362981281964e-15,4.7424362644510415e-14,3.016258520703727e-14,3.016258520703727e-14,7.941513275920055e-15,6.96459446279203e-14,6.96459446279203e-14,2.7484118364713775e-14,5.0102120490373325e-14,5.0102120490373325e-14,2.1420720824837975e-14,5.6165948944208847e-14,5.6165948944208847e-14,5.683758492205087e-14,2.07496699702078e-14,2.07496699702078e-14,11.05378338336939,260.64490838589046,394.99314310485306,2CXO J101149.7+462901,152.9573333047839,46.48365838360258,0.086952776,0.00699,93,1.3291958141158225e+42,1.514029872398383e+41,221.6842,10.09396,31.41895325838612,3.8541425644425873,False,203063706010002.0,2.0,103063706010002.0,0306370601,58788.0,152.95726645298,46.483590539239,35055.0,4XMM J101149.7+462900,152.9573333047839,46.48365838360258,J101149.7+462901,52376.0,521.0,943.0,2CXO J101149.7+462901,21395,2019-02-20,17.8
903,True,main,527.0591248870918,0.0477471169121877,,,1.5525161700064407,,,4.2067141207905265e-14,3.810454164610765e-15,3.810454164610765e-15,3.423265841847127e-14,1.1644950287254616e-14,1.1644950287254616e-14,3.2793708320377434e-15,4.2597059193235495e-14,4.2597059193235495e-14,1.471448931192689e-14,3.1161790222994465e-14,3.1161790222994465e-14,1.4349481283085246e-14,3.152670847111142e-14,3.152670847111142e-14,3.232326469459953e-14,1.3554341075572117e-14,1.3554341075572117e-14,10.354627169246704,309.2616540248995,442.4220177574612,2CXO J101730.3+390417,154.3765234112674,39.07159914528026,0.530232,0.0139,149,4.753811273648859e+43,4.306016393156965e+42,19.47293,5.425367,216.02882158927935,63.28896888396781,False,200842307010018.0,21.0,100842307010018.0,0084230701,54590.0,154.37669656615,39.071665739142,22499.0,4XMM J101730.4+390417,154.3765234112674,39.07159914528026,J101730.3+390417,55617.0,669.0,4563.0,2CXO J101730.3+390417,903,2000-10-11,36.3
1520,True,main,589.2424723910488,0.0005060273542167,0.0056449626825649,,1.9199204089466684,0.1059070808908541,0.1059070808908541,1.0167033287236501e-13,6.659820361397402e-15,6.659820361397402e-15,5.81890708409407e-14,5.014082075889096e-14,5.014082075889096e-14,1.6997386006966523e-14,9.133300144446595e-14,9.133300144446595e-14,4.220140079884294e-14,6.612865079445931e-14,6.612865079445931e-14,2.743113053574451e-14,8.089906385522463e-14,8.089906385522463e-14,8.664160726074172e-14,2.1688079908004432e-14,2.1688079908004432e-14,11.757705202381741,321.3589443047659,519.0950481830247,2CXO J101741.4+413051,154.42275441597496,41.514246723525694,0.3282006,0.0154,255,3.6769713284427567e+43,2.4085657860665465e+42,38.82395,4.091494,261.8752931434463,32.49465620690479,False,200287403010023.0,23.0,100287403010023.0,0028740301,54196.0,154.42297756809,41.514012460298,25958.0,4XMM J101741.5+413050,154.42275441597496,41.514246723525694,J101741.4+413051,55570.0,809.0,4562.0,2CXO J101741.4+413051,1520,2000-02-03,23.7
3344,True,res,555.7805118853205,0.0004846448755036,0.0854077080414898,,1.9,,,2.6857827546878345e-14,4.074629286940485e-15,4.074629286940485e-15,1.5248882077447004e-14,1.5681892188464616e-14,1.5681892188464616e-14,4.774009537042247e-15,2.6158592406151743e-14,2.6158592406151743e-14,1.0976157320927907e-14,1.995682365566203e-14,1.995682365566203e-14,7.144975416200933e-15,2.3787735807536628e-14,2.3787735807536628e-14,2.2895280108592623e-14,8.03751862327514e-15,8.03751862327514e-15,ERROR,ERROR,ERROR,2CXO J103218.0+573830,158.07530246710496,57.64171595964464,0.3624432,0.00613,96,1.225205918680864e+43,1.8587727954080618e+42,29.4508,3.654273,91.19557888708742,17.87345854939532,False,203032602010113.0,70.0,103032605010068.0,0303260501,58497.0,158.07527895939,57.641239494507,26741.0,4XMM J103218.1+573829,158.07530246710496,57.64171595964464,J103218.0+573830,56657.0,650.0,7088.0,2CXO J103218.0+573830,3344,2002-05-01,38.5
3344,True,res,555.7805118853205,0.0004846448755036,0.0854077080414898,,1.9,,,2.6857827546878345e-14,4.074629286940485e-15,4.074629286940485e-15,1.5248882077447004e-14,1.5681892188464616e-14,1.5681892188464616e-14,4.774009537042247e-15,2.6158592406151743e-14,2.6158592406151743e-14,1.0976157320927907e-14,1.995682365566203e-14,1.995682365566203e-14,7.144975416200933e-15,2.3787735807536628e-14,2.3787735807536628e-14,2.2895280108592623e-14,8.03751862327514e-15,8.03751862327514e-15,ERROR,ERROR,ERROR,2CXO J103218.0+573830,158.07530246710496,57.64171595964464,0.3624432,0.00613,96,1.225205918680864e+43,1.8587727954080618e+42,29.4508,3.654273,91.19557888708742,17.87345854939532,False,203032602010113.0,98.0,103032602010113.0,0303260201,58495.0,158.07616673647,57.64198711629,96006.0,4XMM J103218.1+573829,158.07530246710496,57.64171595964464,J103218.0+573830,56657.0,650.0,7088.0,2CXO J103218.0+573830,3344,2002-05-01,38.5
4216,True,main,813.8048926454012,2.5896127116068943e-05,0.0063990345858066,,1.7068101084679947,0.2110640967524086,0.2110640967524086,3.0281906395540874e-14,3.219642154785597e-15,3.219642154785597e-15,2.1162776295272934e-14,1.2337487529287108e-14,1.2337487529287108e-14,3.650485075774374e-15,2.9850800223563195e-14,2.9850800223563195e-14,1.149132335899174e-14,2.2010663242282102e-14,2.2010663242282102e-14,9.337345874933196e-15,2.4164649293647092e-14,2.4164649293647092e-14,2.448927214364335e-14,9.011422728984583e-15,9.011422728984583e-15,16.679907678654775,418.6245258836904,561.3108470661541,2CXO J111246.7+132401,168.19464310839157,13.40038509522985,0.06845123,0.0174,293,3.489332622401006e+41,3.709938950476763e+40,27.79237,13.65086,108.95762540416985,54.75652288987654,False,205007601010021.0,20.0,105007601010021.0,0500760101,59833.0,168.19470053204,13.400452877444,49964.0,4XMM J111246.7+132401,168.19464310839157,13.40038509522985,J111246.7+132401,53379.0,208.0,1752.0,2CXO J111246.7+132401,4216,2003-11-01,39.6
5629,True,main,462.93076480091986,0.0003624536165844,0.1077141000593122,,1.917477473174173,0.4531738113421079,0.4531738113421079,9.258488395316679e-14,2.011999472118904e-14,2.011999472118904e-14,5.33093604605827e-14,5.940580460230812e-14,5.940580460230812e-14,1.5204463058596227e-14,9.75116542828655e-14,9.75116542828655e-14,3.8422901450199905e-14,7.429002946396226e-14,7.429002946396226e-14,2.5116147979442743e-14,8.759757161655383e-14,8.759757161655383e-14,7.874722848906425e-14,3.396576923300543e-14,3.396576923300543e-14,13.453661826446412,202.98106846357342,373.3340614183947,2CXO J111437.0+125215,168.65445363389097,12.870800781616316,0.17113747,0.0169,58,7.641582161205094e+42,1.660623054004703e+42,23.37312,9.982815,396.1169238559798,189.82453713405891,False,207619501010029.0,29.0,107619501010029.0,0761950101,65853.0,168.6544123954,12.871094544225,26542.0,4XMM J111437.0+125215,168.65445363389097,12.870800781616316,J111437.0+125215,56000.0,960.0,5364.0,2CXO J111437.0+125215,5629,2005-02-08,6.0
19768,True,main,500.8130672199505,0.0019977041343953,0.0470285394610258,,1.9336121841861251,0.2463550904044866,0.2463550904044866,9.509740781055717e-14,1.2607741826231623e-14,1.2607741826231623e-14,5.3599441961807564e-14,5.4105292920026743e-14,5.4105292920026743e-14,1.6298803904463995e-14,9.140411595365982e-14,9.140411595365982e-14,3.9646981903732414e-14,6.805651438993181e-14,6.805651438993181e-14,2.5378499868739983e-14,8.232397337544737e-14,8.232397337544737e-14,8.129966761566285e-14,2.6405566856516142e-14,2.6405566856516142e-14,14.24502936140324,222.54810304781014,381.5841787314693,2CXO J112422.6+213132,171.0942147861341,21.525592179086622,0.18905616,0.0137,70,9.79021953048976e+42,1.2979592515122448e+42,8.500803,0.0,1118.687350013371,148.3123632700537,False,208270209010003.0,3.0,108270209010003.0,0827020901,69076.0,171.09410394097,21.525504769041,33968.0,4XMM J112422.5+213131,171.0942147861341,21.525592179086622,J112422.6+213132,54178.0,117.0,2496.0,2CXO J112422.6+213132,19768,2018-01-27,14.9
27593b,True,ERROR,569.3785502833036,0.0089831919452295,0.4671947264310819,,-1.8449550526105845,1.1817783256329562,1.1817783256329562,2.807528472817218e-13,3.81892301029946e-14,3.81892301029946e-14,8.474429666214855e-13,5.285065307230455e-13,5.285065307230455e-13,1.2813030419758348e-17,3.189285705994183e-13,3.189285705994183e-13,2.9229988628806378e-15,3.160069161695606e-13,3.160069161695606e-13,5.6010249137738855e-14,2.629381427455789e-13,2.629381427455789e-13,5.893970031537758e-14,2.6001007415720596e-13,2.6001007415720596e-13,16.922380938157925,245.1987360240172,366.98558337632613,2CXO J120746.1+430736,181.94214696554843,43.12687078851487,0.003162164,0.0132,67,6.258944598791045e+39,8.513690165545401e+38,6079.978,98.60386,4.617662223148205,0.6325632168503462,False,206558001010003.0,4.0,106558001010003.0,0655800101,62272.0,181.94211882061,43.126636520397,12636.0,4XMM J120746.1+430735,181.94214696554843,43.12687078851487,J120746.1+430736,53120.0,353.0,1450.0,2CXO J120746.1+430736,27593,2022-12-05,9.8
27593b,True,ERROR,569.3785502833036,0.0089831919452295,0.4671947264310819,,-1.8449550526105845,1.1817783256329562,1.1817783256329562,2.807528472817218e-13,3.81892301029946e-14,3.81892301029946e-14,8.474429666214855e-13,5.285065307230455e-13,5.285065307230455e-13,1.2813030419758348e-17,3.189285705994183e-13,3.189285705994183e-13,2.9229988628806378e-15,3.160069161695606e-13,3.160069161695606e-13,5.6010249137738855e-14,2.629381427455789e-13,2.629381427455789e-13,5.893970031537758e-14,2.6001007415720596e-13,2.6001007415720596e-13,16.922380938157925,245.1987360240172,366.98558337632613,2CXO J120746.1+430736,181.94214696554843,43.12687078851487,0.003162164,0.0132,67,6.258944598791045e+39,8.513690165545401e+38,6079.978,98.60386,4.617662223148205,0.6325632168503462,False,206558001010003.0,4.0,106558005010004.0,0655800501,62274.0,181.94223427954,43.126322819057,15173.0,4XMM J120746.1+430735,181.94214696554843,43.12687078851487,J120746.1+430736,53120.0,353.0,1450.0,2CXO J120746.1+430736,27593,2022-12-05,9.8
803,True,main,604.7473830725361,0.0336026217461726,,,1.7364665840274776,,,7.390288113504778e-14,5.738599384295233e-15,5.738599384295233e-15,5.3310078621147197e-14,2.633303871569773e-14,2.633303871569773e-14,6.968881336754201e-15,7.267432766706153e-14,7.267432766706153e-14,2.8643462652500725e-14,5.0997634087799165e-14,5.0997634087799165e-14,2.3744919519105942e-14,5.5898128848285863e-14,5.5898128848285863e-14,5.933980151673875e-14,2.0303314077257436e-14,2.0303314077257436e-14,12.091929621770728,336.79978709386285,491.0305445193251,2CXO J122433.5+124851,186.13973781231755,12.814245470158646,0.4977736,0.0306,208,7.170950525641858e+43,5.568282540441356e+42,32.78168,1.083189,225.4395782493386,19.02450318584071,False,206733101015018.0,20.0,106733101015018.0,0673310101,62646.0,186.13965802993,12.81413339033,115126.0,4XMM J122433.5+124851,186.13973781231755,12.814245470158646,J122433.5+124851,55956.0,824.0,5399.0,2CXO J122433.5+124851,803,2000-05-19,28.5
803,True,main,604.7473830725361,0.0336026217461726,,,1.7364665840274776,,,7.390288113504778e-14,5.738599384295233e-15,5.738599384295233e-15,5.3310078621147197e-14,2.633303871569773e-14,2.633303871569773e-14,6.968881336754201e-15,7.267432766706153e-14,7.267432766706153e-14,2.8643462652500725e-14,5.0997634087799165e-14,5.0997634087799165e-14,2.3744919519105942e-14,5.5898128848285863e-14,5.5898128848285863e-14,5.933980151673875e-14,2.0303314077257436e-14,2.0303314077257436e-14,12.091929621770728,336.79978709386285,491.0305445193251,2CXO J122433.5+124851,186.13973781231755,12.814245470158646,0.4977736,0.0306,208,7.170950525641858e+43,5.568282540441356e+42,32.78168,1.083189,225.4395782493386,19.02450318584071,False,206733101015018.0,12.0,108218002010012.0,0821800201,69533.0,186.13989455114,12.81426778368,122759.0,4XMM J122433.5+124851,186.13973781231755,12.814245470158646,J122433.5+124851,55956.0,824.0,5399.0,2CXO J122433.5+124851,803,2000-05-19,28.5
803,True,main,604.7473830725361,0.0336026217461726,,,1.7364665840274776,,,7.390288113504778e-14,5.738599384295233e-15,5.738599384295233e-15,5.3310078621147197e-14,2.633303871569773e-14,2.633303871569773e-14,6.968881336754201e-15,7.267432766706153e-14,7.267432766706153e-14,2.8643462652500725e-14,5.0997634087799165e-14,5.0997634087799165e-14,2.3744919519105942e-14,5.5898128848285863e-14,5.5898128848285863e-14,5.933980151673875e-14,2.0303314077257436e-14,2.0303314077257436e-14,12.091929621770728,336.79978709386285,491.0305445193251,2CXO J122433.5+124851,186.13973781231755,12.814245470158646,0.4977736,0.0306,208,7.170950525641858e+43,5.568282540441356e+42,32.78168,1.083189,225.4395782493386,19.02450318584071,False,206733101015018.0,12.0,108218003010012.0,0821800301,69548.0,186.13988956809,12.814351039504,131333.0,4XMM J122433.5+124851,186.13973781231755,12.814245470158646,J122433.5+124851,55956.0,824.0,5399.0,2CXO J122433.5+124851,803,2000-05-19,28.5
803,True,main,604.7473830725361,0.0336026217461726,,,1.7364665840274776,,,7.390288113504778e-14,5.738599384295233e-15,5.738599384295233e-15,5.3310078621147197e-14,2.633303871569773e-14,2.633303871569773e-14,6.968881336754201e-15,7.267432766706153e-14,7.267432766706153e-14,2.8643462652500725e-14,5.0997634087799165e-14,5.0997634087799165e-14,2.3744919519105942e-14,5.5898128848285863e-14,5.5898128848285863e-14,5.933980151673875e-14,2.0303314077257436e-14,2.0303314077257436e-14,12.091929621770728,336.79978709386285,491.0305445193251,2CXO J122433.5+124851,186.13973781231755,12.814245470158646,0.4977736,0.0306,208,7.170950525641858e+43,5.568282540441356e+42,32.78168,1.083189,225.4395782493386,19.02450318584071,False,206733101015018.0,12.0,108218001010012.0,0821800101,69511.0,186.13990975808,12.814173524545,130200.0,4XMM J122433.5+124851,186.13973781231755,12.814245470158646,J122433.5+124851,55956.0,824.0,5399.0,2CXO J122433.5+124851,803,2000-05-19,28.5
10875,True,res,508.2369357528133,0.0003450582984633,0.0205459704396266,,1.9,,,2.16348671688804e-14,3.389928149389495e-15,3.389928149389495e-15,1.3241122485653424e-14,1.1781602182166346e-14,1.1781602182166346e-14,2.9834031592526826e-15,2.2039359502588504e-14,2.2039359502588504e-14,9.010754212624591e-15,1.6013946178842153e-14,1.6013946178842153e-14,6.199002290775081e-15,1.8825559244875853e-14,1.8825559244875853e-14,1.8209011400785933e-14,6.812975903513921e-15,6.812975903513921e-15,ERROR,ERROR,ERROR,2CXO J122839.0+440150,187.1628053080542,44.03059594409195,0.38652852,0.0331,88,1.148423841883769e+43,1.799444516410814e+42,49.30468,5.063025,43.87994642472155,8.220451198850167,False,201125217010043.0,14.0,108244508010014.0,0824450801,69005.0,187.16284612121,44.030369667782,83763.0,4XMM J122839.0+440149,187.1628053080542,44.03059594409195,J122839.0+440150,56367.0,414.0,6636.0,2CXO J122839.0+440150,10875,2009-03-07,59.4
10875,True,res,508.2369357528133,0.0003450582984633,0.0205459704396266,,1.9,,,2.16348671688804e-14,3.389928149389495e-15,3.389928149389495e-15,1.3241122485653424e-14,1.1781602182166346e-14,1.1781602182166346e-14,2.9834031592526826e-15,2.2039359502588504e-14,2.2039359502588504e-14,9.010754212624591e-15,1.6013946178842153e-14,1.6013946178842153e-14,6.199002290775081e-15,1.8825559244875853e-14,1.8825559244875853e-14,1.8209011400785933e-14,6.812975903513921e-15,6.812975903513921e-15,ERROR,ERROR,ERROR,2CXO J122839.0+440150,187.1628053080542,44.03059594409195,0.38652852,0.0331,88,1.148423841883769e+43,1.799444516410814e+42,49.30468,5.063025,43.87994642472155,8.220451198850167,False,201125217010043.0,16.0,108910202010016.0,0891020201,72296.0,187.16263144836,44.03041118532,38062.0,4XMM J122839.0+440149,187.1628053080542,44.03059594409195,J122839.0+440150,56367.0,414.0,6636.0,2CXO J122839.0+440150,10875,2009-03-07,59.4
10875,True,res,508.2369357528133,0.0003450582984633,0.0205459704396266,,1.9,,,2.16348671688804e-14,3.389928149389495e-15,3.389928149389495e-15,1.3241122485653424e-14,1.1781602182166346e-14,1.1781602182166346e-14,2.9834031592526826e-15,2.2039359502588504e-14,2.2039359502588504e-14,9.010754212624591e-15,1.6013946178842153e-14,1.6013946178842153e-14,6.199002290775081e-15,1.8825559244875853e-14,1.8825559244875853e-14,1.8209011400785933e-14,6.812975903513921e-15,6.812975903513921e-15,ERROR,ERROR,ERROR,2CXO J122839.0+440150,187.1628053080542,44.03059594409195,0.38652852,0.0331,88,1.148423841883769e+43,1.799444516410814e+42,49.30468,5.063025,43.87994642472155,8.220451198850167,False,201125217010043.0,44.0,101125217010043.0,0112521701,55737.0,187.16271713912,44.030487319998,13000.0,4XMM J122839.0+440149,187.1628053080542,44.03059594409195,J122839.0+440150,56367.0,414.0,6636.0,2CXO J122839.0+440150,10875,2009-03-07,59.4
8059,True,main,540.8304192502372,0.0016095573555273,0.0374065311760663,,2.1067213172342583,0.1437341061804426,0.1437341061804426,8.856535248751589e-13,6.197247454774689e-14,6.197247454774689e-14,4.2540011140795897e-13,5.222253560502408e-13,5.222253560502408e-13,1.8013237805711878e-13,7.675012390623703e-13,7.675012390623703e-13,3.9069235035330116e-13,5.569330472617665e-13,5.569330472617665e-13,2.111016226744557e-13,7.365237893058471e-13,7.365237893058471e-13,7.816674390712836e-13,1.6597062642831282e-13,1.6597062642831282e-13,10.307951795723834,315.22032370795256,479.04057615773377,2CXO J122926.4+132019,187.36011424055027,13.338855877751085,0.15246907,0.0197,222,5.668105153532949e+43,3.966184207427931e+42,610.6893,25.80593,145.0252239355035,11.85485222781782,False,208802702010001.0,1.0,108802702010001.0,0880270201,71579.0,187.3601356927,13.339001697881,14511.0,4XMM J122926.4+132020,187.36011424055027,13.338855877751085,J122926.4+132019,53166.0,441.0,1615.0,2CXO J122926.4+132019,8059,2008-02-20,5.1
5527b,True,res,1653.1393069167157,0.0,0.0086213813552102,,1.9,,,1.0262786529428289e-12,4.23520269592026e-14,4.23520269592026e-14,6.10367314137719e-13,4.582626517502547e-13,4.582626517502547e-13,1.565027155103755e-13,9.12127697056418e-13,9.12127697056418e-13,4.2515444587796226e-13,6.434661585048617e-13,6.434661585048617e-13,2.8612362162631183e-13,7.824991038211469e-13,7.824991038211469e-13,8.677961688789117e-13,2.0082649281110018e-13,2.0082649281110018e-13,ERROR,ERROR,ERROR,2CXO J130852.2+212819,197.2178347046571,21.47195866496753,0.4115228,0.0225,664,6.318810820286034e+44,2.6076197282626644e+43,43.93475,5.550292,2335.9155405296005,310.4428040137214,False,203059003010035.0,39.0,103059003010035.0,0305900301,58741.0,197.21763017521,21.472264825923,12937.0,4XMM J130852.2+212818,197.2178347046571,21.47195866496753,J130852.2+212819,56066.0,251.0,5992.0,2CXO J130852.2+212819,5527,2005-07-10,5.0
5527b,True,res,1653.1393069167157,0.0,0.0086213813552102,,1.9,,,1.0262786529428289e-12,4.23520269592026e-14,4.23520269592026e-14,6.10367314137719e-13,4.582626517502547e-13,4.582626517502547e-13,1.565027155103755e-13,9.12127697056418e-13,9.12127697056418e-13,4.2515444587796226e-13,6.434661585048617e-13,6.434661585048617e-13,2.8612362162631183e-13,7.824991038211469e-13,7.824991038211469e-13,8.677961688789117e-13,2.0082649281110018e-13,2.0082649281110018e-13,ERROR,ERROR,ERROR,2CXO J130852.2+212819,197.2178347046571,21.47195866496753,0.4115228,0.0225,664,6.318810820286034e+44,2.6076197282626644e+43,43.93475,5.550292,2335.9155405296005,310.4428040137214,False,203059003010035.0,10.0,104028503010010.0,0402850301,59163.0,197.21843607303,21.471848505308,5171.0,4XMM J130852.2+212818,197.2178347046571,21.47195866496753,J130852.2+212819,56066.0,251.0,5992.0,2CXO J130852.2+212819,5527,2005-07-10,5.0
2197,True,ERROR,556.7443251548125,0.0001972139150727,,,-0.4223679602629191,,,3.335913800598511e-14,7.507025896296412e-15,7.507025896296412e-15,6.580648248382561e-14,2.4939603200899293e-14,2.4939603200899293e-14,4.259800415926465e-17,4.08210016128268e-14,4.08210016128268e-14,1.776933050622134e-15,3.9089035902570924e-14,3.9089035902570924e-14,1.0605120493545568e-14,3.025825331810248e-14,3.025825331810248e-14,1.2418780401736951e-14,2.8447961269582513e-14,2.8447961269582513e-14,11.94297081194684,320.0216854878989,392.8754107458326,2CXO J131605.2+420244,199.0217658120117,42.04577589347901,0.3983171,0.0329,104,1.9011267863051248e+43,4.278230454988009e+42,33.20541,6.634087,100.46296072231938,30.232047122813267,False,204050803010051.0,52.0,104050803010051.0,0405080301,59381.0,199.02132004864,42.045119579312,39004.0,4XMM J131605.2+420244,199.0217658120117,42.04577589347901,J131605.2+420244,56368.0,152.0,6620.0,2CXO J131605.2+420244,2197,2001-08-27,28.0
2197,True,ERROR,556.7443251548125,0.0001972139150727,,,-0.4223679602629191,,,3.335913800598511e-14,7.507025896296412e-15,7.507025896296412e-15,6.580648248382561e-14,2.4939603200899293e-14,2.4939603200899293e-14,4.259800415926465e-17,4.08210016128268e-14,4.08210016128268e-14,1.776933050622134e-15,3.9089035902570924e-14,3.9089035902570924e-14,1.0605120493545568e-14,3.025825331810248e-14,3.025825331810248e-14,1.2418780401736951e-14,2.8447961269582513e-14,2.8447961269582513e-14,11.94297081194684,320.0216854878989,392.8754107458326,2CXO J131605.2+420244,199.0217658120117,42.04577589347901,0.3983171,0.0329,104,1.9011267863051248e+43,4.278230454988009e+42,33.20541,6.634087,100.46296072231938,30.232047122813267,False,204050803010051.0,105.0,108851801010105.0,0885180101,71920.0,199.02198794915,42.046222677062,129709.0,4XMM J131605.2+420244,199.0217658120117,42.04577589347901,J131605.2+420244,56368.0,152.0,6620.0,2CXO J131605.2+420244,2197,2001-08-27,28.0
10561,True,res,419.7189014897255,0.0,0.0028814420489201,,1.9,,,3.5309537109345097e-13,3.87232700670569e-14,3.87232700670569e-14,2.0634234658265777e-13,1.854760201043901e-13,1.854760201043901e-13,5.715512931746293e-14,3.346642046627727e-13,3.346642046627727e-13,1.4556831325541418e-13,2.4625066504702473e-13,2.4625066504702473e-13,9.6760094150541e-14,2.950483283043048e-13,2.950483283043048e-13,2.9944356954607397e-13,9.237491429351396e-14,9.237491429351396e-14,ERROR,ERROR,ERROR,2CXO J134736.4+173404,206.90166743381383,17.56793972168584,0.04472583,0.0162,97,1.6784384368503125e+42,1.840710193390835e+41,1941.846,21.38609,18.183489890210193,2.0041775255994714,False,201445701010002.0,3.0,106711507010003.0,0671150701,62490.0,206.90179052961,17.567732940018,9082.0,4XMM J134736.4+173404,206.90166743381383,17.56793972168584,J134736.4+173404,54233.0,442.0,2742.0,2CXO J134736.4+173404,10561,2008-11-29,2.0
10561,True,res,419.7189014897255,0.0,0.0028814420489201,,1.9,,,3.5309537109345097e-13,3.87232700670569e-14,3.87232700670569e-14,2.0634234658265777e-13,1.854760201043901e-13,1.854760201043901e-13,5.715512931746293e-14,3.346642046627727e-13,3.346642046627727e-13,1.4556831325541418e-13,2.4625066504702473e-13,2.4625066504702473e-13,9.6760094150541e-14,2.950483283043048e-13,2.950483283043048e-13,2.9944356954607397e-13,9.237491429351396e-14,9.237491429351396e-14,ERROR,ERROR,ERROR,2CXO J134736.4+173404,206.90166743381383,17.56793972168584,0.04472583,0.0162,97,1.6784384368503125e+42,1.840710193390835e+41,1941.846,21.38609,18.183489890210193,2.0041775255994714,False,201445701010002.0,2.0,106511402010002.0,0651140201,61825.0,206.90197606998,17.567606895639,12668.0,4XMM J134736.4+173404,206.90166743381383,17.56793972168584,J134736.4+173404,54233.0,442.0,2742.0,2CXO J134736.4+173404,10561,2008-11-29,2.0
10561,True,res,419.7189014897255,0.0,0.0028814420489201,,1.9,,,3.5309537109345097e-13,3.87232700670569e-14,3.87232700670569e-14,2.0634234658265777e-13,1.854760201043901e-13,1.854760201043901e-13,5.715512931746293e-14,3.346642046627727e-13,3.346642046627727e-13,1.4556831325541418e-13,2.4625066504702473e-13,2.4625066504702473e-13,9.6760094150541e-14,2.950483283043048e-13,2.950483283043048e-13,2.9944356954607397e-13,9.237491429351396e-14,9.237491429351396e-14,ERROR,ERROR,ERROR,2CXO J134736.4+173404,206.90166743381383,17.56793972168584,0.04472583,0.0162,97,1.6784384368503125e+42,1.840710193390835e+41,1941.846,21.38609,18.183489890210193,2.0041775255994714,False,201445701010002.0,3.0,106511404010003.0,0651140401,61827.0,206.90227248178,17.567582925883,7668.0,4XMM J134736.4+173404,206.90166743381383,17.56793972168584,J134736.4+173404,54233.0,442.0,2742.0,2CXO J134736.4+173404,10561,2008-11-29,2.0
10561,True,res,419.7189014897255,0.0,0.0028814420489201,,1.9,,,3.5309537109345097e-13,3.87232700670569e-14,3.87232700670569e-14,2.0634234658265777e-13,1.854760201043901e-13,1.854760201043901e-13,5.715512931746293e-14,3.346642046627727e-13,3.346642046627727e-13,1.4556831325541418e-13,2.4625066504702473e-13,2.4625066504702473e-13,9.6760094150541e-14,2.950483283043048e-13,2.950483283043048e-13,2.9944356954607397e-13,9.237491429351396e-14,9.237491429351396e-14,ERROR,ERROR,ERROR,2CXO J134736.4+173404,206.90166743381383,17.56793972168584,0.04472583,0.0162,97,1.6784384368503125e+42,1.840710193390835e+41,1941.846,21.38609,18.183489890210193,2.0041775255994714,False,201445701010002.0,2.0,106711506010002.0,0671150601,62489.0,206.90105097593,17.567926783998,10469.0,4XMM J134736.4+173404,206.90166743381383,17.56793972168584,J134736.4+173404,54233.0,442.0,2742.0,2CXO J134736.4+173404,10561,2008-11-29,2.0
10561,True,res,419.7189014897255,0.0,0.0028814420489201,,1.9,,,3.5309537109345097e-13,3.87232700670569e-14,3.87232700670569e-14,2.0634234658265777e-13,1.854760201043901e-13,1.854760201043901e-13,5.715512931746293e-14,3.346642046627727e-13,3.346642046627727e-13,1.4556831325541418e-13,2.4625066504702473e-13,2.4625066504702473e-13,9.6760094150541e-14,2.950483283043048e-13,2.950483283043048e-13,2.9944356954607397e-13,9.237491429351396e-14,9.237491429351396e-14,ERROR,ERROR,ERROR,2CXO J134736.4+173404,206.90166743381383,17.56793972168584,0.04472583,0.0162,97,1.6784384368503125e+42,1.840710193390835e+41,1941.846,21.38609,18.183489890210193,2.0041775255994714,False,201445701010002.0,2.0,106711505010002.0,0671150501,62488.0,206.90104381572,17.568246355147,9669.0,4XMM J134736.4+173404,206.90166743381383,17.56793972168584,J134736.4+173404,54233.0,442.0,2742.0,2CXO J134736.4+173404,10561,2008-11-29,2.0
10561,True,res,419.7189014897255,0.0,0.0028814420489201,,1.9,,,3.5309537109345097e-13,3.87232700670569e-14,3.87232700670569e-14,2.0634234658265777e-13,1.854760201043901e-13,1.854760201043901e-13,5.715512931746293e-14,3.346642046627727e-13,3.346642046627727e-13,1.4556831325541418e-13,2.4625066504702473e-13,2.4625066504702473e-13,9.6760094150541e-14,2.950483283043048e-13,2.950483283043048e-13,2.9944356954607397e-13,9.237491429351396e-14,9.237491429351396e-14,ERROR,ERROR,ERROR,2CXO J134736.4+173404,206.90166743381383,17.56793972168584,0.04472583,0.0162,97,1.6784384368503125e+42,1.840710193390835e+41,1941.846,21.38609,18.183489890210193,2.0041775255994714,False,201445701010002.0,3.0,106511405010003.0,0651140501,61828.0,206.90206587065,17.567720656141,11268.0,4XMM J134736.4+173404,206.90166743381383,17.56793972168584,J134736.4+173404,54233.0,442.0,2742.0,2CXO J134736.4+173404,10561,2008-11-29,2.0
10561,True,res,419.7189014897255,0.0,0.0028814420489201,,1.9,,,3.5309537109345097e-13,3.87232700670569e-14,3.87232700670569e-14,2.0634234658265777e-13,1.854760201043901e-13,1.854760201043901e-13,5.715512931746293e-14,3.346642046627727e-13,3.346642046627727e-13,1.4556831325541418e-13,2.4625066504702473e-13,2.4625066504702473e-13,9.6760094150541e-14,2.950483283043048e-13,2.950483283043048e-13,2.9944356954607397e-13,9.237491429351396e-14,9.237491429351396e-14,ERROR,ERROR,ERROR,2CXO J134736.4+173404,206.90166743381383,17.56793972168584,0.04472583,0.0162,97,1.6784384368503125e+42,1.840710193390835e+41,1941.846,21.38609,18.183489890210193,2.0041775255994714,False,201445701010002.0,2.0,106511403010002.0,0651140301,61826.0,206.90164021431,17.567938289235,7669.0,4XMM J134736.4+173404,206.90166743381383,17.56793972168584,J134736.4+173404,54233.0,442.0,2742.0,2CXO J134736.4+173404,10561,2008-11-29,2.0
10561,True,res,419.7189014897255,0.0,0.0028814420489201,,1.9,,,3.5309537109345097e-13,3.87232700670569e-14,3.87232700670569e-14,2.0634234658265777e-13,1.854760201043901e-13,1.854760201043901e-13,5.715512931746293e-14,3.346642046627727e-13,3.346642046627727e-13,1.4556831325541418e-13,2.4625066504702473e-13,2.4625066504702473e-13,9.6760094150541e-14,2.950483283043048e-13,2.950483283043048e-13,2.9944356954607397e-13,9.237491429351396e-14,9.237491429351396e-14,ERROR,ERROR,ERROR,2CXO J134736.4+173404,206.90166743381383,17.56793972168584,0.04472583,0.0162,97,1.6784384368503125e+42,1.840710193390835e+41,1941.846,21.38609,18.183489890210193,2.0041775255994714,False,201445701010002.0,2.0,101445701010002.0,0144570101,56623.0,206.90163966294,17.567957923729,64394.0,4XMM J134736.4+173404,206.90166743381383,17.56793972168584,J134736.4+173404,54233.0,442.0,2742.0,2CXO J134736.4+173404,10561,2008-11-29,2.0
10561,True,res,419.7189014897255,0.0,0.0028814420489201,,1.9,,,3.5309537109345097e-13,3.87232700670569e-14,3.87232700670569e-14,2.0634234658265777e-13,1.854760201043901e-13,1.854760201043901e-13,5.715512931746293e-14,3.346642046627727e-13,3.346642046627727e-13,1.4556831325541418e-13,2.4625066504702473e-13,2.4625066504702473e-13,9.6760094150541e-14,2.950483283043048e-13,2.950483283043048e-13,2.9944356954607397e-13,9.237491429351396e-14,9.237491429351396e-14,ERROR,ERROR,ERROR,2CXO J134736.4+173404,206.90166743381383,17.56793972168584,0.04472583,0.0162,97,1.6784384368503125e+42,1.840710193390835e+41,1941.846,21.38609,18.183489890210193,2.0041775255994714,False,201445701010002.0,3.0,106711508010003.0,0671150801,62491.0,206.90203566942,17.567864418255,8682.0,4XMM J134736.4+173404,206.90166743381383,17.56793972168584,J134736.4+173404,54233.0,442.0,2742.0,2CXO J134736.4+173404,10561,2008-11-29,2.0
9557,True,main,760.8833713170103,0.0014050387457209,,,2.1514446957704347,,,2.4905321416442433e-13,5.924903371834645e-15,5.924903371834645e-15,1.209918092889973e-13,1.3398627874194826e-13,1.3398627874194826e-13,4.58878173674696e-14,2.0909033305310658e-13,2.0909033305310658e-13,1.1336386505657353e-13,1.416142338346157e-13,1.416142338346157e-13,6.07080335233127e-14,1.9427012019552466e-13,1.9427012019552466e-13,2.1996011931639539e-13,3.501799982283405e-14,3.501799982283405e-14,12.159548535258306,434.70723182705245,719.5640795958092,2CXO J140052.5-014511,210.21903271807355,-1.753091739363961,0.1489321,0.0374,1855,1.5140038604443106e+43,3.601771054355868e+41,234.2705,20.61919,106.31010484223336,9.692598540885134,False,202004309010001.0,1.0,102004309010001.0,0200430901,57370.0,210.21903875435,-1.7531094611247,8587.0,4XMM J140052.5-014511,210.21903271807355,-1.753091739363961,J140052.5-014511,52443.0,429.0,915.0,2CXO J140052.5-014511,9557,2008-03-10,49.4
9557,True,main,760.8833713170103,0.0014050387457209,,,2.1514446957704347,,,2.4905321416442433e-13,5.924903371834645e-15,5.924903371834645e-15,1.209918092889973e-13,1.3398627874194826e-13,1.3398627874194826e-13,4.58878173674696e-14,2.0909033305310658e-13,2.0909033305310658e-13,1.1336386505657353e-13,1.416142338346157e-13,1.416142338346157e-13,6.07080335233127e-14,1.9427012019552466e-13,1.9427012019552466e-13,2.1996011931639539e-13,3.501799982283405e-14,3.501799982283405e-14,12.159548535258306,434.70723182705245,719.5640795958092,2CXO J140052.5-014511,210.21903271807355,-1.753091739363961,0.1489321,0.0374,1855,1.5140038604443106e+43,3.601771054355868e+41,234.2705,20.61919,106.31010484223336,9.692598540885134,False,202004309010001.0,1.0,105059301010001.0,0505930101,60390.0,210.21903489948,-1.7530796207253,49584.0,4XMM J140052.5-014511,210.21903271807355,-1.753091739363961,J140052.5-014511,52443.0,429.0,915.0,2CXO J140052.5-014511,9557,2008-03-10,49.4
9557,True,main,760.8833713170103,0.0014050387457209,,,2.1514446957704347,,,2.4905321416442433e-13,5.924903371834645e-15,5.924903371834645e-15,1.209918092889973e-13,1.3398627874194826e-13,1.3398627874194826e-13,4.58878173674696e-14,2.0909033305310658e-13,2.0909033305310658e-13,1.1336386505657353e-13,1.416142338346157e-13,1.416142338346157e-13,6.07080335233127e-14,1.9427012019552466e-13,1.9427012019552466e-13,2.1996011931639539e-13,3.501799982283405e-14,3.501799982283405e-14,12.159548535258306,434.70723182705245,719.5640795958092,2CXO J140052.5-014511,210.21903271807355,-1.753091739363961,0.1489321,0.0374,1855,1.5140038604443106e+43,3.601771054355868e+41,234.2705,20.61919,106.31010484223336,9.692598540885134,False,202004309010001.0,1.0,105059304010001.0,0505930401,60392.0,210.21908264875,-1.7530817302239,21789.0,4XMM J140052.5-014511,210.21903271807355,-1.753091739363961,J140052.5-014511,52443.0,429.0,915.0,2CXO J140052.5-014511,9557,2008-03-10,49.4
6220,True,main,599.3119250474763,0.0038432756676642,0.1818169606375203,,1.624568984300476,0.2942573035508988,0.2942573035508988,3.018126933636e-14,4.276781709806321e-15,4.276781709806321e-15,2.227962622503364e-14,1.2178559656839931e-14,1.2178559656839931e-14,3.403350308230914e-15,3.1055077869011545e-14,3.1055077869011545e-14,1.0969345932930551e-14,2.3489594782731355e-14,2.3489594782731355e-14,9.571380290009517e-15,2.4887444411716428e-14,2.4887444411716428e-14,2.3948537130706133e-14,1.0509709272051898e-14,1.0509709272051898e-14,15.639606912852997,282.31842809813674,410.8175981716625,2CXO J141643.9+522219,214.18318807415065,52.37203967448506,0.5104992,0.00943,96,3.1121933075357357e+43,4.4100767488315795e+42,40.20636,6.050889,75.06590831987775,15.516829758343247,False,201279204010038.0,38.0,101279204010038.0,0127920401,56223.0,214.18353408974,52.372242981692,26804.0,4XMM J141644.0+522218,214.18318807415065,52.37203967448506,J141643.9+522219,56415.0,829.0,6742.0,2CXO J141643.9+522219,6220,2005-09-13,37.6
6220,True,main,599.3119250474763,0.0038432756676642,0.1818169606375203,,1.624568984300476,0.2942573035508988,0.2942573035508988,3.018126933636e-14,4.276781709806321e-15,4.276781709806321e-15,2.227962622503364e-14,1.2178559656839931e-14,1.2178559656839931e-14,3.403350308230914e-15,3.1055077869011545e-14,3.1055077869011545e-14,1.0969345932930551e-14,2.3489594782731355e-14,2.3489594782731355e-14,9.571380290009517e-15,2.4887444411716428e-14,2.4887444411716428e-14,2.3948537130706133e-14,1.0509709272051898e-14,1.0509709272051898e-14,15.639606912852997,282.31842809813674,410.8175981716625,2CXO J141643.9+522219,214.18318807415065,52.37203967448506,0.5104992,0.00943,96,3.1121933075357357e+43,4.4100767488315795e+42,40.20636,6.050889,75.06590831987775,15.516829758343247,False,201279204010038.0,32.0,101279210010032.0,0127921001,56228.0,214.18353914658,52.371851586657,51508.0,4XMM J141644.0+522218,214.18318807415065,52.37203967448506,J141643.9+522219,56415.0,829.0,6742.0,2CXO J141643.9+522219,6220,2005-09-13,37.6
6220,True,main,599.3119250474763,0.0038432756676642,0.1818169606375203,,1.624568984300476,0.2942573035508988,0.2942573035508988,3.018126933636e-14,4.276781709806321e-15,4.276781709806321e-15,2.227962622503364e-14,1.2178559656839931e-14,1.2178559656839931e-14,3.403350308230914e-15,3.1055077869011545e-14,3.1055077869011545e-14,1.0969345932930551e-14,2.3489594782731355e-14,2.3489594782731355e-14,9.571380290009517e-15,2.4887444411716428e-14,2.4887444411716428e-14,2.3948537130706133e-14,1.0509709272051898e-14,1.0509709272051898e-14,15.639606912852997,282.31842809813674,410.8175981716625,2CXO J141643.9+522219,214.18318807415065,52.37203967448506,0.5104992,0.00943,96,3.1121933075357357e+43,4.4100767488315795e+42,40.20636,6.050889,75.06590831987775,15.516829758343247,False,201279204010038.0,51.0,107238601010044.0,0723860101,64861.0,214.18426918969,52.371929271242,28956.0,4XMM J141644.0+522218,214.18318807415065,52.37203967448506,J141643.9+522219,56415.0,829.0,6742.0,2CXO J141643.9+522219,6220,2005-09-13,37.6
6220,True,main,599.3119250474763,0.0038432756676642,0.1818169606375203,,1.624568984300476,0.2942573035508988,0.2942573035508988,3.018126933636e-14,4.276781709806321e-15,4.276781709806321e-15,2.227962622503364e-14,1.2178559656839931e-14,1.2178559656839931e-14,3.403350308230914e-15,3.1055077869011545e-14,3.1055077869011545e-14,1.0969345932930551e-14,2.3489594782731355e-14,2.3489594782731355e-14,9.571380290009517e-15,2.4887444411716428e-14,2.4887444411716428e-14,2.3948537130706133e-14,1.0509709272051898e-14,1.0509709272051898e-14,15.639606912852997,282.31842809813674,410.8175981716625,2CXO J141643.9+522219,214.18318807415065,52.37203967448506,0.5104992,0.00943,96,3.1121933075357357e+43,4.4100767488315795e+42,40.20636,6.050889,75.06590831987775,15.516829758343247,False,201279204010038.0,36.0,101279211010036.0,0127921101,56229.0,214.18358847535,52.37195080733,3898.0,4XMM J141644.0+522218,214.18318807415065,52.37203967448506,J141643.9+522219,56415.0,829.0,6742.0,2CXO J141643.9+522219,6220,2005-09-13,37.6
6220,True,main,599.3119250474763,0.0038432756676642,0.1818169606375203,,1.624568984300476,0.2942573035508988,0.2942573035508988,3.018126933636e-14,4.276781709806321e-15,4.276781709806321e-15,2.227962622503364e-14,1.2178559656839931e-14,1.2178559656839931e-14,3.403350308230914e-15,3.1055077869011545e-14,3.1055077869011545e-14,1.0969345932930551e-14,2.3489594782731355e-14,2.3489594782731355e-14,9.571380290009517e-15,2.4887444411716428e-14,2.4887444411716428e-14,2.3948537130706133e-14,1.0509709272051898e-14,1.0509709272051898e-14,15.639606912852997,282.31842809813674,410.8175981716625,2CXO J141643.9+522219,214.18318807415065,52.37203967448506,0.5104992,0.00943,96,3.1121933075357357e+43,4.4100767488315795e+42,40.20636,6.050889,75.06590831987775,15.516829758343247,False,201279204010038.0,34.0,101279212010034.0,0127921201,56230.0,214.1825808442,52.371904600632,14910.0,4XMM J141644.0+522218,214.18318807415065,52.37203967448506,J141643.9+522219,56415.0,829.0,6742.0,2CXO J141643.9+522219,6220,2005-09-13,37.6
6212,True,main,434.1952568198817,0.0027439908856193,0.102505987173765,,1.6439769092222962,0.3457567771950124,0.3457567771950124,1.1209296599901344e-14,2.3373543207289146e-15,2.3373543207289146e-15,8.118804511943102e-15,5.428635259199576e-15,5.428635259199576e-15,1.3190993312904695e-15,1.2228624183836362e-14,1.2228624183836362e-14,4.115460505994825e-15,9.431114324734676e-15,9.431114324734676e-15,3.5133754466396327e-15,1.0033190435808227e-14,1.0033190435808227e-14,8.944009456888772e-15,4.603493113195645e-15,4.603493113195645e-15,13.224522281373654,180.16918772037477,368.9747016968078,2CXO J142115.9+531948,215.3163759988664,53.33016603293344,0.4271558,0.00861,44,7.541082548115665e+42,1.572461012135828e+42,22.87615,1.862149,48.999926123501304,10.968375037556957,False,207625001010047.0,44.0,107625001010047.0,0762500101,66808.0,215.31614819262,53.329685602287,12842.0,4XMM J142115.8+531946,215.3163759988664,53.33016603293344,J142115.9+531948,56449.0,931.0,7028.0,2CXO J142115.9+531948,6212,2005-10-04,46.3
13246,True,res,769.471331564857,0.0136679745628969,,,1.9,,,2.8306888171268395e-14,4.023917714553676e-15,4.023917714553676e-15,1.8094857557279807e-14,1.423395653288296e-14,1.423395653288296e-14,3.2663766481615824e-15,2.906282027712183e-14,2.906282027712183e-14,1.1856514870955147e-14,2.0474878213120416e-14,2.0474878213120416e-14,8.46714340986209e-15,2.386427884985755e-14,2.386427884985755e-14,2.360284925974663e-14,8.726105131142261e-15,8.726105131142261e-15,ERROR,ERROR,ERROR,2CXO J150117.0+014958,225.32119386347995,1.8328582130111504,0.128888,0.0417,240,1.2558521289746557e+42,1.7852353102416716e+41,13.20137,8.041797,214.42386791119705,134.12862086153487,False,208043703010059.0,59.0,108043703010059.0,0804370301,68290.0,225.32083398724,1.8326893259052,17041.0,4XMM J150117.0+014957,225.32119386347995,1.8328582130111504,J150117.0+014958,52017.0,435.0,539.0,2CXO J150117.0+014958,13246,2011-03-30,45.0
891,True,res,634.877544777536,0.0470921088169671,0.1228747868772273,,1.9,,,3.201881740907076e-14,6.019781855943211e-15,6.019781855943211e-15,2.0724795571258276e-14,1.7309058444964324e-14,1.7309058444964324e-14,3.461678369765017e-15,3.457588468191332e-14,3.457588468191332e-14,1.3461078218399498e-14,2.4577690740401303e-14,2.4577690740401303e-14,9.697473304536682e-15,2.8341083277382483e-14,2.8341083277382483e-14,2.6627901336761147e-14,1.140880366972974e-14,1.140880366972974e-14,ERROR,ERROR,ERROR,2CXO J151038.8+055332,227.66187996851968,5.892436472743274,0.2975529,0.0303,142,9.223565929977134e+42,1.7341007359204562e+42,28.70394,3.413229,111.54851009676986,24.8146714792411,False,201112702015016.0,20.0,105517802015015.0,0551780201,60754.0,227.66190293888,5.8922067857386,42637.0,4XMM J151038.8+055331,227.66187996851968,5.892436472743274,J151038.8+055332,55710.0,408.0,4878.0,2CXO J151038.8+055332,891,2000-04-12,19.8
891,True,res,634.877544777536,0.0470921088169671,0.1228747868772273,,1.9,,,3.201881740907076e-14,6.019781855943211e-15,6.019781855943211e-15,2.0724795571258276e-14,1.7309058444964324e-14,1.7309058444964324e-14,3.461678369765017e-15,3.457588468191332e-14,3.457588468191332e-14,1.3461078218399498e-14,2.4577690740401303e-14,2.4577690740401303e-14,9.697473304536682e-15,2.8341083277382483e-14,2.8341083277382483e-14,2.6627901336761147e-14,1.140880366972974e-14,1.140880366972974e-14,ERROR,ERROR,ERROR,2CXO J151038.8+055332,227.66187996851968,5.892436472743274,0.2975529,0.0303,142,9.223565929977134e+42,1.7341007359204562e+42,28.70394,3.413229,111.54851009676986,24.8146714792411,False,201112702015016.0,17.0,105517804010013.0,0551780401,60756.0,227.66198196495,5.8923512182618,42637.0,4XMM J151038.8+055331,227.66187996851968,5.892436472743274,J151038.8+055332,55710.0,408.0,4878.0,2CXO J151038.8+055332,891,2000-04-12,19.8
891,True,res,634.877544777536,0.0470921088169671,0.1228747868772273,,1.9,,,3.201881740907076e-14,6.019781855943211e-15,6.019781855943211e-15,2.0724795571258276e-14,1.7309058444964324e-14,1.7309058444964324e-14,3.461678369765017e-15,3.457588468191332e-14,3.457588468191332e-14,1.3461078218399498e-14,2.4577690740401303e-14,2.4577690740401303e-14,9.697473304536682e-15,2.8341083277382483e-14,2.8341083277382483e-14,2.6627901336761147e-14,1.140880366972974e-14,1.140880366972974e-14,ERROR,ERROR,ERROR,2CXO J151038.8+055332,227.66187996851968,5.892436472743274,0.2975529,0.0303,142,9.223565929977134e+42,1.7341007359204562e+42,28.70394,3.413229,111.54851009676986,24.8146714792411,False,201112702015016.0,15.0,105517805015010.0,0551780501,60757.0,227.66194908622,5.8922328608686,29338.0,4XMM J151038.8+055331,227.66187996851968,5.892436472743274,J151038.8+055332,55710.0,408.0,4878.0,2CXO J151038.8+055332,891,2000-04-12,19.8
891,True,res,634.877544777536,0.0470921088169671,0.1228747868772273,,1.9,,,3.201881740907076e-14,6.019781855943211e-15,6.019781855943211e-15,2.0724795571258276e-14,1.7309058444964324e-14,1.7309058444964324e-14,3.461678369765017e-15,3.457588468191332e-14,3.457588468191332e-14,1.3461078218399498e-14,2.4577690740401303e-14,2.4577690740401303e-14,9.697473304536682e-15,2.8341083277382483e-14,2.8341083277382483e-14,2.6627901336761147e-14,1.140880366972974e-14,1.140880366972974e-14,ERROR,ERROR,ERROR,2CXO J151038.8+055332,227.66187996851968,5.892436472743274,0.2975529,0.0303,142,9.223565929977134e+42,1.7341007359204562e+42,28.70394,3.413229,111.54851009676986,24.8146714792411,False,201112702015016.0,15.0,107444109010016.0,0744410901,65636.0,227.66182615646,5.8919305314056,25743.0,4XMM J151038.8+055331,227.66187996851968,5.892436472743274,J151038.8+055332,55710.0,408.0,4878.0,2CXO J151038.8+055332,891,2000-04-12,19.8
891,True,res,634.877544777536,0.0470921088169671,0.1228747868772273,,1.9,,,3.201881740907076e-14,6.019781855943211e-15,6.019781855943211e-15,2.0724795571258276e-14,1.7309058444964324e-14,1.7309058444964324e-14,3.461678369765017e-15,3.457588468191332e-14,3.457588468191332e-14,1.3461078218399498e-14,2.4577690740401303e-14,2.4577690740401303e-14,9.697473304536682e-15,2.8341083277382483e-14,2.8341083277382483e-14,2.6627901336761147e-14,1.140880366972974e-14,1.140880366972974e-14,ERROR,ERROR,ERROR,2CXO J151038.8+055332,227.66187996851968,5.892436472743274,0.2975529,0.0303,142,9.223565929977134e+42,1.7341007359204562e+42,28.70394,3.413229,111.54851009676986,24.8146714792411,False,201112702015016.0,15.0,101112702015016.0,0111270201,55481.0,227.66180606799,5.8922257189016,19338.0,4XMM J151038.8+055331,227.66187996851968,5.892436472743274,J151038.8+055332,55710.0,408.0,4878.0,2CXO J151038.8+055332,891,2000-04-12,19.8
891,True,res,634.877544777536,0.0470921088169671,0.1228747868772273,,1.9,,,3.201881740907076e-14,6.019781855943211e-15,6.019781855943211e-15,2.0724795571258276e-14,1.7309058444964324e-14,1.7309058444964324e-14,3.461678369765017e-15,3.457588468191332e-14,3.457588468191332e-14,1.3461078218399498e-14,2.4577690740401303e-14,2.4577690740401303e-14,9.697473304536682e-15,2.8341083277382483e-14,2.8341083277382483e-14,2.6627901336761147e-14,1.140880366972974e-14,1.140880366972974e-14,ERROR,ERROR,ERROR,2CXO J151038.8+055332,227.66187996851968,5.892436472743274,0.2975529,0.0303,142,9.223565929977134e+42,1.7341007359204562e+42,28.70394,3.413229,111.54851009676986,24.8146714792411,False,201112702015016.0,30.0,105517803010019.0,0551780301,60755.0,227.66191737431,5.8917756090739,42639.0,4XMM J151038.8+055331,227.66187996851968,5.892436472743274,J151038.8+055332,55710.0,408.0,4878.0,2CXO J151038.8+055332,891,2000-04-12,19.8
20995,True,ERROR,458.0221115912945,0.0338285996800462,62.48854430406231,,-2.17812760314823,8.796239038147164,8.796239038147164,1.8990667348547863e-14,1.5516102063921665e-14,1.5516102063921665e-14,6.319613153393372e-14,2.8706449611993355e-14,2.8706449611993355e-14,3.169705036850727e-19,3.4447979731989195e-14,3.4447979731989195e-14,1.3266013041319336e-16,3.4330792668574025e-14,3.4330792668574025e-14,3.361025241020869e-15,3.10764753351875e-14,3.10764753351875e-14,3.4938553104884106e-15,3.094548548459465e-14,3.094548548459465e-14,12.529891825459746,207.61373305284104,399.39540945445907,2CXO J151616.0+561701,229.0670223994407,56.283780157629536,0.29330033,0.0201,50,5.2916983545780596e+42,4.323520087744461e+42,28.21228,4.757159,67.31347962145514,56.15672360540611,False,201451902010030.0,57.0,108040906010057.0,0804090601,68279.0,229.06649057775,56.284169910441,37541.0,4XMM J151616.0+561701,229.0670223994407,56.283780157629536,J151616.0+561701,56453.0,504.0,6796.0,2CXO J151616.0+561701,20995,2018-03-01,16.0
20995,True,ERROR,458.0221115912945,0.0338285996800462,62.48854430406231,,-2.17812760314823,8.796239038147164,8.796239038147164,1.8990667348547863e-14,1.5516102063921665e-14,1.5516102063921665e-14,6.319613153393372e-14,2.8706449611993355e-14,2.8706449611993355e-14,3.169705036850727e-19,3.4447979731989195e-14,3.4447979731989195e-14,1.3266013041319336e-16,3.4330792668574025e-14,3.4330792668574025e-14,3.361025241020869e-15,3.10764753351875e-14,3.10764753351875e-14,3.4938553104884106e-15,3.094548548459465e-14,3.094548548459465e-14,12.529891825459746,207.61373305284104,399.39540945445907,2CXO J151616.0+561701,229.0670223994407,56.283780157629536,0.29330033,0.0201,50,5.2916983545780596e+42,4.323520087744461e+42,28.21228,4.757159,67.31347962145514,56.15672360540611,False,201451902010030.0,44.0,108040909010044.0,0804090901,69917.0,229.06726041578,56.283620525574,40164.0,4XMM J151616.0+561701,229.0670223994407,56.283780157629536,J151616.0+561701,56453.0,504.0,6796.0,2CXO J151616.0+561701,20995,2018-03-01,16.0
20995,True,ERROR,458.0221115912945,0.0338285996800462,62.48854430406231,,-2.17812760314823,8.796239038147164,8.796239038147164,1.8990667348547863e-14,1.5516102063921665e-14,1.5516102063921665e-14,6.319613153393372e-14,2.8706449611993355e-14,2.8706449611993355e-14,3.169705036850727e-19,3.4447979731989195e-14,3.4447979731989195e-14,1.3266013041319336e-16,3.4330792668574025e-14,3.4330792668574025e-14,3.361025241020869e-15,3.10764753351875e-14,3.10764753351875e-14,3.4938553104884106e-15,3.094548548459465e-14,3.094548548459465e-14,12.529891825459746,207.61373305284104,399.39540945445907,2CXO J151616.0+561701,229.0670223994407,56.283780157629536,0.29330033,0.0201,50,5.2916983545780596e+42,4.323520087744461e+42,28.21228,4.757159,67.31347962145514,56.15672360540611,False,201451902010030.0,32.0,108842204010032.0,0884220401,71296.0,229.06660008692,56.283885367628,69722.0,4XMM J151616.0+561701,229.0670223994407,56.283780157629536,J151616.0+561701,56453.0,504.0,6796.0,2CXO J151616.0+561701,20995,2018-03-01,16.0
20995,True,ERROR,458.0221115912945,0.0338285996800462,62.48854430406231,,-2.17812760314823,8.796239038147164,8.796239038147164,1.8990667348547863e-14,1.5516102063921665e-14,1.5516102063921665e-14,6.319613153393372e-14,2.8706449611993355e-14,2.8706449611993355e-14,3.169705036850727e-19,3.4447979731989195e-14,3.4447979731989195e-14,1.3266013041319336e-16,3.4330792668574025e-14,3.4330792668574025e-14,3.361025241020869e-15,3.10764753351875e-14,3.10764753351875e-14,3.4938553104884106e-15,3.094548548459465e-14,3.094548548459465e-14,12.529891825459746,207.61373305284104,399.39540945445907,2CXO J151616.0+561701,229.0670223994407,56.283780157629536,0.29330033,0.0201,50,5.2916983545780596e+42,4.323520087744461e+42,28.21228,4.757159,67.31347962145514,56.15672360540611,False,201451902010030.0,32.0,108243205010032.0,0824320501,70333.0,229.06701236487,56.284049215495,64323.0,4XMM J151616.0+561701,229.0670223994407,56.283780157629536,J151616.0+561701,56453.0,504.0,6796.0,2CXO J151616.0+561701,20995,2018-03-01,16.0
20995,True,ERROR,458.0221115912945,0.0338285996800462,62.48854430406231,,-2.17812760314823,8.796239038147164,8.796239038147164,1.8990667348547863e-14,1.5516102063921665e-14,1.5516102063921665e-14,6.319613153393372e-14,2.8706449611993355e-14,2.8706449611993355e-14,3.169705036850727e-19,3.4447979731989195e-14,3.4447979731989195e-14,1.3266013041319336e-16,3.4330792668574025e-14,3.4330792668574025e-14,3.361025241020869e-15,3.10764753351875e-14,3.10764753351875e-14,3.4938553104884106e-15,3.094548548459465e-14,3.094548548459465e-14,12.529891825459746,207.61373305284104,399.39540945445907,2CXO J151616.0+561701,229.0670223994407,56.283780157629536,0.29330033,0.0201,50,5.2916983545780596e+42,4.323520087744461e+42,28.21228,4.757159,67.31347962145514,56.15672360540611,False,201451902010030.0,39.0,108511807010039.0,0851180701,70067.0,229.06667356719,56.283655331016,56661.0,4XMM J151616.0+561701,229.0670223994407,56.283780157629536,J151616.0+561701,56453.0,504.0,6796.0,2CXO J151616.0+561701,20995,2018-03-01,16.0
20995,True,ERROR,458.0221115912945,0.0338285996800462,62.48854430406231,,-2.17812760314823,8.796239038147164,8.796239038147164,1.8990667348547863e-14,1.5516102063921665e-14,1.5516102063921665e-14,6.319613153393372e-14,2.8706449611993355e-14,2.8706449611993355e-14,3.169705036850727e-19,3.4447979731989195e-14,3.4447979731989195e-14,1.3266013041319336e-16,3.4330792668574025e-14,3.4330792668574025e-14,3.361025241020869e-15,3.10764753351875e-14,3.10764753351875e-14,3.4938553104884106e-15,3.094548548459465e-14,3.094548548459465e-14,12.529891825459746,207.61373305284104,399.39540945445907,2CXO J151616.0+561701,229.0670223994407,56.283780157629536,0.29330033,0.0201,50,5.2916983545780596e+42,4.323520087744461e+42,28.21228,4.757159,67.31347962145514,56.15672360540611,False,201451902010030.0,42.0,108918015010042.0,0891801501,71732.0,229.06711551856,56.283834228951,62928.0,4XMM J151616.0+561701,229.0670223994407,56.283780157629536,J151616.0+561701,56453.0,504.0,6796.0,2CXO J151616.0+561701,20995,2018-03-01,16.0
20995,True,ERROR,458.0221115912945,0.0338285996800462,62.48854430406231,,-2.17812760314823,8.796239038147164,8.796239038147164,1.8990667348547863e-14,1.5516102063921665e-14,1.5516102063921665e-14,6.319613153393372e-14,2.8706449611993355e-14,2.8706449611993355e-14,3.169705036850727e-19,3.4447979731989195e-14,3.4447979731989195e-14,1.3266013041319336e-16,3.4330792668574025e-14,3.4330792668574025e-14,3.361025241020869e-15,3.10764753351875e-14,3.10764753351875e-14,3.4938553104884106e-15,3.094548548459465e-14,3.094548548459465e-14,12.529891825459746,207.61373305284104,399.39540945445907,2CXO J151616.0+561701,229.0670223994407,56.283780157629536,0.29330033,0.0201,50,5.2916983545780596e+42,4.323520087744461e+42,28.21228,4.757159,67.31347962145514,56.15672360540611,False,201451902010030.0,42.0,108243202010042.0,0824320201,69886.0,229.06719911385,56.284192135355,59662.0,4XMM J151616.0+561701,229.0670223994407,56.283780157629536,J151616.0+561701,56453.0,504.0,6796.0,2CXO J151616.0+561701,20995,2018-03-01,16.0
20995,True,ERROR,458.0221115912945,0.0338285996800462,62.48854430406231,,-2.17812760314823,8.796239038147164,8.796239038147164,1.8990667348547863e-14,1.5516102063921665e-14,1.5516102063921665e-14,6.319613153393372e-14,2.8706449611993355e-14,2.8706449611993355e-14,3.169705036850727e-19,3.4447979731989195e-14,3.4447979731989195e-14,1.3266013041319336e-16,3.4330792668574025e-14,3.4330792668574025e-14,3.361025241020869e-15,3.10764753351875e-14,3.10764753351875e-14,3.4938553104884106e-15,3.094548548459465e-14,3.094548548459465e-14,12.529891825459746,207.61373305284104,399.39540945445907,2CXO J151616.0+561701,229.0670223994407,56.283780157629536,0.29330033,0.0201,50,5.2916983545780596e+42,4.323520087744461e+42,28.21228,4.757159,67.31347962145514,56.15672360540611,False,201451902010030.0,43.0,108938103010043.0,0893810301,71997.0,229.0666204479,56.283848848233,47743.0,4XMM J151616.0+561701,229.0670223994407,56.283780157629536,J151616.0+561701,56453.0,504.0,6796.0,2CXO J151616.0+561701,20995,2018-03-01,16.0
20995,True,ERROR,458.0221115912945,0.0338285996800462,62.48854430406231,,-2.17812760314823,8.796239038147164,8.796239038147164,1.8990667348547863e-14,1.5516102063921665e-14,1.5516102063921665e-14,6.319613153393372e-14,2.8706449611993355e-14,2.8706449611993355e-14,3.169705036850727e-19,3.4447979731989195e-14,3.4447979731989195e-14,1.3266013041319336e-16,3.4330792668574025e-14,3.4330792668574025e-14,3.361025241020869e-15,3.10764753351875e-14,3.10764753351875e-14,3.4938553104884106e-15,3.094548548459465e-14,3.094548548459465e-14,12.529891825459746,207.61373305284104,399.39540945445907,2CXO J151616.0+561701,229.0670223994407,56.283780157629536,0.29330033,0.0201,50,5.2916983545780596e+42,4.323520087744461e+42,28.21228,4.757159,67.31347962145514,56.15672360540611,False,201451902010030.0,51.0,108040908010051.0,0804090801,69913.0,229.06770536414,56.283766430911,38663.0,4XMM J151616.0+561701,229.0670223994407,56.283780157629536,J151616.0+561701,56453.0,504.0,6796.0,2CXO J151616.0+561701,20995,2018-03-01,16.0
20995,True,ERROR,458.0221115912945,0.0338285996800462,62.48854430406231,,-2.17812760314823,8.796239038147164,8.796239038147164,1.8990667348547863e-14,1.5516102063921665e-14,1.5516102063921665e-14,6.319613153393372e-14,2.8706449611993355e-14,2.8706449611993355e-14,3.169705036850727e-19,3.4447979731989195e-14,3.4447979731989195e-14,1.3266013041319336e-16,3.4330792668574025e-14,3.4330792668574025e-14,3.361025241020869e-15,3.10764753351875e-14,3.10764753351875e-14,3.4938553104884106e-15,3.094548548459465e-14,3.094548548459465e-14,12.529891825459746,207.61373305284104,399.39540945445907,2CXO J151616.0+561701,229.0670223994407,56.283780157629536,0.29330033,0.0201,50,5.2916983545780596e+42,4.323520087744461e+42,28.21228,4.757159,67.31347962145514,56.15672360540611,False,201451902010030.0,62.0,107957126010062.0,0795712601,68595.0,229.06691576303,56.283378033055,57922.0,4XMM J151616.0+561701,229.0670223994407,56.283780157629536,J151616.0+561701,56453.0,504.0,6796.0,2CXO J151616.0+561701,20995,2018-03-01,16.0
20995,True,ERROR,458.0221115912945,0.0338285996800462,62.48854430406231,,-2.17812760314823,8.796239038147164,8.796239038147164,1.8990667348547863e-14,1.5516102063921665e-14,1.5516102063921665e-14,6.319613153393372e-14,2.8706449611993355e-14,2.8706449611993355e-14,3.169705036850727e-19,3.4447979731989195e-14,3.4447979731989195e-14,1.3266013041319336e-16,3.4330792668574025e-14,3.4330792668574025e-14,3.361025241020869e-15,3.10764753351875e-14,3.10764753351875e-14,3.4938553104884106e-15,3.094548548459465e-14,3.094548548459465e-14,12.529891825459746,207.61373305284104,399.39540945445907,2CXO J151616.0+561701,229.0670223994407,56.283780157629536,0.29330033,0.0201,50,5.2916983545780596e+42,4.323520087744461e+42,28.21228,4.757159,67.31347962145514,56.15672360540611,False,201451902010030.0,26.0,108243207010026.0,0824320701,71027.0,229.06663791842,56.283875083041,63800.0,4XMM J151616.0+561701,229.0670223994407,56.283780157629536,J151616.0+561701,56453.0,504.0,6796.0,2CXO J151616.0+561701,20995,2018-03-01,16.0
20995,True,ERROR,458.0221115912945,0.0338285996800462,62.48854430406231,,-2.17812760314823,8.796239038147164,8.796239038147164,1.8990667348547863e-14,1.5516102063921665e-14,1.5516102063921665e-14,6.319613153393372e-14,2.8706449611993355e-14,2.8706449611993355e-14,3.169705036850727e-19,3.4447979731989195e-14,3.4447979731989195e-14,1.3266013041319336e-16,3.4330792668574025e-14,3.4330792668574025e-14,3.361025241020869e-15,3.10764753351875e-14,3.10764753351875e-14,3.4938553104884106e-15,3.094548548459465e-14,3.094548548459465e-14,12.529891825459746,207.61373305284104,399.39540945445907,2CXO J151616.0+561701,229.0670223994407,56.283780157629536,0.29330033,0.0201,50,5.2916983545780596e+42,4.323520087744461e+42,28.21228,4.757159,67.31347962145514,56.15672360540611,False,201451902010030.0,33.0,108511808010033.0,0851180801,70070.0,229.06706678475,56.28368128401,61761.0,4XMM J151616.0+561701,229.0670223994407,56.283780157629536,J151616.0+561701,56453.0,504.0,6796.0,2CXO J151616.0+561701,20995,2018-03-01,16.0
20995,True,ERROR,458.0221115912945,0.0338285996800462,62.48854430406231,,-2.17812760314823,8.796239038147164,8.796239038147164,1.8990667348547863e-14,1.5516102063921665e-14,1.5516102063921665e-14,6.319613153393372e-14,2.8706449611993355e-14,2.8706449611993355e-14,3.169705036850727e-19,3.4447979731989195e-14,3.4447979731989195e-14,1.3266013041319336e-16,3.4330792668574025e-14,3.4330792668574025e-14,3.361025241020869e-15,3.10764753351875e-14,3.10764753351875e-14,3.4938553104884106e-15,3.094548548459465e-14,3.094548548459465e-14,12.529891825459746,207.61373305284104,399.39540945445907,2CXO J151616.0+561701,229.0670223994407,56.283780157629536,0.29330033,0.0201,50,5.2916983545780596e+42,4.323520087744461e+42,28.21228,4.757159,67.31347962145514,56.15672360540611,False,201451902010030.0,100.0,108040910010100.0,0804091001,69924.0,229.06669665055,56.283428048455,46362.0,4XMM J151616.0+561701,229.0670223994407,56.283780157629536,J151616.0+561701,56453.0,504.0,6796.0,2CXO J151616.0+561701,20995,2018-03-01,16.0
20995,True,ERROR,458.0221115912945,0.0338285996800462,62.48854430406231,,-2.17812760314823,8.796239038147164,8.796239038147164,1.8990667348547863e-14,1.5516102063921665e-14,1.5516102063921665e-14,6.319613153393372e-14,2.8706449611993355e-14,2.8706449611993355e-14,3.169705036850727e-19,3.4447979731989195e-14,3.4447979731989195e-14,1.3266013041319336e-16,3.4330792668574025e-14,3.4330792668574025e-14,3.361025241020869e-15,3.10764753351875e-14,3.10764753351875e-14,3.4938553104884106e-15,3.094548548459465e-14,3.094548548459465e-14,12.529891825459746,207.61373305284104,399.39540945445907,2CXO J151616.0+561701,229.0670223994407,56.283780157629536,0.29330033,0.0201,50,5.2916983545780596e+42,4.323520087744461e+42,28.21228,4.757159,67.31347962145514,56.15672360540611,False,201451902010030.0,35.0,108842203010035.0,0884220301,71285.0,229.06684022252,56.283959621925,64646.0,4XMM J151616.0+561701,229.0670223994407,56.283780157629536,J151616.0+561701,56453.0,504.0,6796.0,2CXO J151616.0+561701,20995,2018-03-01,16.0
20995,True,ERROR,458.0221115912945,0.0338285996800462,62.48854430406231,,-2.17812760314823,8.796239038147164,8.796239038147164,1.8990667348547863e-14,1.5516102063921665e-14,1.5516102063921665e-14,6.319613153393372e-14,2.8706449611993355e-14,2.8706449611993355e-14,3.169705036850727e-19,3.4447979731989195e-14,3.4447979731989195e-14,1.3266013041319336e-16,3.4330792668574025e-14,3.4330792668574025e-14,3.361025241020869e-15,3.10764753351875e-14,3.10764753351875e-14,3.4938553104884106e-15,3.094548548459465e-14,3.094548548459465e-14,12.529891825459746,207.61373305284104,399.39540945445907,2CXO J151616.0+561701,229.0670223994407,56.283780157629536,0.29330033,0.0201,50,5.2916983545780596e+42,4.323520087744461e+42,28.21228,4.757159,67.31347962145514,56.15672360540611,False,201451902010030.0,54.0,107295613010059.0,0729561301,65227.0,229.0670685387,56.283990502765,42041.0,4XMM J151616.0+561701,229.0670223994407,56.283780157629536,J151616.0+561701,56453.0,504.0,6796.0,2CXO J151616.0+561701,20995,2018-03-01,16.0
20995,True,ERROR,458.0221115912945,0.0338285996800462,62.48854430406231,,-2.17812760314823,8.796239038147164,8.796239038147164,1.8990667348547863e-14,1.5516102063921665e-14,1.5516102063921665e-14,6.319613153393372e-14,2.8706449611993355e-14,2.8706449611993355e-14,3.169705036850727e-19,3.4447979731989195e-14,3.4447979731989195e-14,1.3266013041319336e-16,3.4330792668574025e-14,3.4330792668574025e-14,3.361025241020869e-15,3.10764753351875e-14,3.10764753351875e-14,3.4938553104884106e-15,3.094548548459465e-14,3.094548548459465e-14,12.529891825459746,207.61373305284104,399.39540945445907,2CXO J151616.0+561701,229.0670223994407,56.283780157629536,0.29330033,0.0201,50,5.2916983545780596e+42,4.323520087744461e+42,28.21228,4.757159,67.31347962145514,56.15672360540611,False,201451902010030.0,29.0,101451901010029.0,0145190101,56633.0,229.06758984766,56.283975653579,50296.0,4XMM J151616.0+561701,229.0670223994407,56.283780157629536,J151616.0+561701,56453.0,504.0,6796.0,2CXO J151616.0+561701,20995,2018-03-01,16.0
20995,True,ERROR,458.0221115912945,0.0338285996800462,62.48854430406231,,-2.17812760314823,8.796239038147164,8.796239038147164,1.8990667348547863e-14,1.5516102063921665e-14,1.5516102063921665e-14,6.319613153393372e-14,2.8706449611993355e-14,2.8706449611993355e-14,3.169705036850727e-19,3.4447979731989195e-14,3.4447979731989195e-14,1.3266013041319336e-16,3.4330792668574025e-14,3.4330792668574025e-14,3.361025241020869e-15,3.10764753351875e-14,3.10764753351875e-14,3.4938553104884106e-15,3.094548548459465e-14,3.094548548459465e-14,12.529891825459746,207.61373305284104,399.39540945445907,2CXO J151616.0+561701,229.0670223994407,56.283780157629536,0.29330033,0.0201,50,5.2916983545780596e+42,4.323520087744461e+42,28.21228,4.757159,67.31347962145514,56.15672360540611,False,201451902010030.0,30.0,101451902010030.0,0145190201,56634.0,229.06665600639,56.283502972589,41755.0,4XMM J151616.0+561701,229.0670223994407,56.283780157629536,J151616.0+561701,56453.0,504.0,6796.0,2CXO J151616.0+561701,20995,2018-03-01,16.0
20995,True,ERROR,458.0221115912945,0.0338285996800462,62.48854430406231,,-2.17812760314823,8.796239038147164,8.796239038147164,1.8990667348547863e-14,1.5516102063921665e-14,1.5516102063921665e-14,6.319613153393372e-14,2.8706449611993355e-14,2.8706449611993355e-14,3.169705036850727e-19,3.4447979731989195e-14,3.4447979731989195e-14,1.3266013041319336e-16,3.4330792668574025e-14,3.4330792668574025e-14,3.361025241020869e-15,3.10764753351875e-14,3.10764753351875e-14,3.4938553104884106e-15,3.094548548459465e-14,3.094548548459465e-14,12.529891825459746,207.61373305284104,399.39540945445907,2CXO J151616.0+561701,229.0670223994407,56.283780157629536,0.29330033,0.0201,50,5.2916983545780596e+42,4.323520087744461e+42,28.21228,4.757159,67.31347962145514,56.15672360540611,False,201451902010030.0,122.0,108040904010122.0,0804090401,68262.0,229.06777821941,56.284231894466,36043.0,4XMM J151616.0+561701,229.0670223994407,56.283780157629536,J151616.0+561701,56453.0,504.0,6796.0,2CXO J151616.0+561701,20995,2018-03-01,16.0
20995,True,ERROR,458.0221115912945,0.0338285996800462,62.48854430406231,,-2.17812760314823,8.796239038147164,8.796239038147164,1.8990667348547863e-14,1.5516102063921665e-14,1.5516102063921665e-14,6.319613153393372e-14,2.8706449611993355e-14,2.8706449611993355e-14,3.169705036850727e-19,3.4447979731989195e-14,3.4447979731989195e-14,1.3266013041319336e-16,3.4330792668574025e-14,3.4330792668574025e-14,3.361025241020869e-15,3.10764753351875e-14,3.10764753351875e-14,3.4938553104884106e-15,3.094548548459465e-14,3.094548548459465e-14,12.529891825459746,207.61373305284104,399.39540945445907,2CXO J151616.0+561701,229.0670223994407,56.283780157629536,0.29330033,0.0201,50,5.2916983545780596e+42,4.323520087744461e+42,28.21228,4.757159,67.31347962145514,56.15672360540611,False,201451902010030.0,73.0,108040905010073.0,0804090501,68268.0,229.06651845442,56.283422019078,40042.0,4XMM J151616.0+561701,229.0670223994407,56.283780157629536,J151616.0+561701,56453.0,504.0,6796.0,2CXO J151616.0+561701,20995,2018-03-01,16.0
20995,True,ERROR,458.0221115912945,0.0338285996800462,62.48854430406231,,-2.17812760314823,8.796239038147164,8.796239038147164,1.8990667348547863e-14,1.5516102063921665e-14,1.5516102063921665e-14,6.319613153393372e-14,2.8706449611993355e-14,2.8706449611993355e-14,3.169705036850727e-19,3.4447979731989195e-14,3.4447979731989195e-14,1.3266013041319336e-16,3.4330792668574025e-14,3.4330792668574025e-14,3.361025241020869e-15,3.10764753351875e-14,3.10764753351875e-14,3.4938553104884106e-15,3.094548548459465e-14,3.094548548459465e-14,12.529891825459746,207.61373305284104,399.39540945445907,2CXO J151616.0+561701,229.0670223994407,56.283780157629536,0.29330033,0.0201,50,5.2916983545780596e+42,4.323520087744461e+42,28.21228,4.757159,67.31347962145514,56.15672360540611,False,201451902010030.0,31.0,108842202010031.0,0884220201,71276.0,229.06718931393,56.284292120968,65073.0,4XMM J151616.0+561701,229.0670223994407,56.283780157629536,J151616.0+561701,56453.0,504.0,6796.0,2CXO J151616.0+561701,20995,2018-03-01,16.0
20995,True,ERROR,458.0221115912945,0.0338285996800462,62.48854430406231,,-2.17812760314823,8.796239038147164,8.796239038147164,1.8990667348547863e-14,1.5516102063921665e-14,1.5516102063921665e-14,6.319613153393372e-14,2.8706449611993355e-14,2.8706449611993355e-14,3.169705036850727e-19,3.4447979731989195e-14,3.4447979731989195e-14,1.3266013041319336e-16,3.4330792668574025e-14,3.4330792668574025e-14,3.361025241020869e-15,3.10764753351875e-14,3.10764753351875e-14,3.4938553104884106e-15,3.094548548459465e-14,3.094548548459465e-14,12.529891825459746,207.61373305284104,399.39540945445907,2CXO J151616.0+561701,229.0670223994407,56.283780157629536,0.29330033,0.0201,50,5.2916983545780596e+42,4.323520087744461e+42,28.21228,4.757159,67.31347962145514,56.15672360540611,False,201451902010030.0,63.0,107248102010065.0,0724810201,64764.0,229.06762502132,56.28354040347,34041.0,4XMM J151616.0+561701,229.0670223994407,56.283780157629536,J151616.0+561701,56453.0,504.0,6796.0,2CXO J151616.0+561701,20995,2018-03-01,16.0
20995,True,ERROR,458.0221115912945,0.0338285996800462,62.48854430406231,,-2.17812760314823,8.796239038147164,8.796239038147164,1.8990667348547863e-14,1.5516102063921665e-14,1.5516102063921665e-14,6.319613153393372e-14,2.8706449611993355e-14,2.8706449611993355e-14,3.169705036850727e-19,3.4447979731989195e-14,3.4447979731989195e-14,1.3266013041319336e-16,3.4330792668574025e-14,3.4330792668574025e-14,3.361025241020869e-15,3.10764753351875e-14,3.10764753351875e-14,3.4938553104884106e-15,3.094548548459465e-14,3.094548548459465e-14,12.529891825459746,207.61373305284104,399.39540945445907,2CXO J151616.0+561701,229.0670223994407,56.283780157629536,0.29330033,0.0201,50,5.2916983545780596e+42,4.323520087744461e+42,28.21228,4.757159,67.31347962145514,56.15672360540611,False,201451902010030.0,53.0,106739203010061.0,0673920301,62727.0,229.06807932758,56.283987830464,17041.0,4XMM J151616.0+561701,229.0670223994407,56.283780157629536,J151616.0+561701,56453.0,504.0,6796.0,2CXO J151616.0+561701,20995,2018-03-01,16.0
20995,True,ERROR,458.0221115912945,0.0338285996800462,62.48854430406231,,-2.17812760314823,8.796239038147164,8.796239038147164,1.8990667348547863e-14,1.5516102063921665e-14,1.5516102063921665e-14,6.319613153393372e-14,2.8706449611993355e-14,2.8706449611993355e-14,3.169705036850727e-19,3.4447979731989195e-14,3.4447979731989195e-14,1.3266013041319336e-16,3.4330792668574025e-14,3.4330792668574025e-14,3.361025241020869e-15,3.10764753351875e-14,3.10764753351875e-14,3.4938553104884106e-15,3.094548548459465e-14,3.094548548459465e-14,12.529891825459746,207.61373305284104,399.39540945445907,2CXO J151616.0+561701,229.0670223994407,56.283780157629536,0.29330033,0.0201,50,5.2916983545780596e+42,4.323520087744461e+42,28.21228,4.757159,67.31347962145514,56.15672360540611,False,201451902010030.0,41.0,109130801010041.0,0913080101,72751.0,229.06663520756,56.284058144663,78902.0,4XMM J151616.0+561701,229.0670223994407,56.283780157629536,J151616.0+561701,56453.0,504.0,6796.0,2CXO J151616.0+561701,20995,2018-03-01,16.0
20995,True,ERROR,458.0221115912945,0.0338285996800462,62.48854430406231,,-2.17812760314823,8.796239038147164,8.796239038147164,1.8990667348547863e-14,1.5516102063921665e-14,1.5516102063921665e-14,6.319613153393372e-14,2.8706449611993355e-14,2.8706449611993355e-14,3.169705036850727e-19,3.4447979731989195e-14,3.4447979731989195e-14,1.3266013041319336e-16,3.4330792668574025e-14,3.4330792668574025e-14,3.361025241020869e-15,3.10764753351875e-14,3.10764753351875e-14,3.4938553104884106e-15,3.094548548459465e-14,3.094548548459465e-14,12.529891825459746,207.61373305284104,399.39540945445907,2CXO J151616.0+561701,229.0670223994407,56.283780157629536,0.29330033,0.0201,50,5.2916983545780596e+42,4.323520087744461e+42,28.21228,4.757159,67.31347962145514,56.15672360540611,False,201451902010030.0,31.0,108243206010031.0,0824320601,70824.0,229.06671663844,56.283596944558,61563.0,4XMM J151616.0+561701,229.0670223994407,56.283780157629536,J151616.0+561701,56453.0,504.0,6796.0,2CXO J151616.0+561701,20995,2018-03-01,16.0
20995,True,ERROR,458.0221115912945,0.0338285996800462,62.48854430406231,,-2.17812760314823,8.796239038147164,8.796239038147164,1.8990667348547863e-14,1.5516102063921665e-14,1.5516102063921665e-14,6.319613153393372e-14,2.8706449611993355e-14,2.8706449611993355e-14,3.169705036850727e-19,3.4447979731989195e-14,3.4447979731989195e-14,1.3266013041319336e-16,3.4330792668574025e-14,3.4330792668574025e-14,3.361025241020869e-15,3.10764753351875e-14,3.10764753351875e-14,3.4938553104884106e-15,3.094548548459465e-14,3.094548548459465e-14,12.529891825459746,207.61373305284104,399.39540945445907,2CXO J151616.0+561701,229.0670223994407,56.283780157629536,0.29330033,0.0201,50,5.2916983545780596e+42,4.323520087744461e+42,28.21228,4.757159,67.31347962145514,56.15672360540611,False,201451902010030.0,41.0,108243203010041.0,0824320301,69907.0,229.06646770482,56.283753258648,49103.0,4XMM J151616.0+561701,229.0670223994407,56.283780157629536,J151616.0+561701,56453.0,504.0,6796.0,2CXO J151616.0+561701,20995,2018-03-01,16.0
20995,True,ERROR,458.0221115912945,0.0338285996800462,62.48854430406231,,-2.17812760314823,8.796239038147164,8.796239038147164,1.8990667348547863e-14,1.5516102063921665e-14,1.5516102063921665e-14,6.319613153393372e-14,2.8706449611993355e-14,2.8706449611993355e-14,3.169705036850727e-19,3.4447979731989195e-14,3.4447979731989195e-14,1.3266013041319336e-16,3.4330792668574025e-14,3.4330792668574025e-14,3.361025241020869e-15,3.10764753351875e-14,3.10764753351875e-14,3.4938553104884106e-15,3.094548548459465e-14,3.094548548459465e-14,12.529891825459746,207.61373305284104,399.39540945445907,2CXO J151616.0+561701,229.0670223994407,56.283780157629536,0.29330033,0.0201,50,5.2916983545780596e+42,4.323520087744461e+42,28.21228,4.757159,67.31347962145514,56.15672360540611,False,201451902010030.0,38.0,108243204010038.0,0824320401,69921.0,229.06659124894,56.283712383368,64463.0,4XMM J151616.0+561701,229.0670223994407,56.283780157629536,J151616.0+561701,56453.0,504.0,6796.0,2CXO J151616.0+561701,20995,2018-03-01,16.0
20995,True,ERROR,458.0221115912945,0.0338285996800462,62.48854430406231,,-2.17812760314823,8.796239038147164,8.796239038147164,1.8990667348547863e-14,1.5516102063921665e-14,1.5516102063921665e-14,6.319613153393372e-14,2.8706449611993355e-14,2.8706449611993355e-14,3.169705036850727e-19,3.4447979731989195e-14,3.4447979731989195e-14,1.3266013041319336e-16,3.4330792668574025e-14,3.4330792668574025e-14,3.361025241020869e-15,3.10764753351875e-14,3.10764753351875e-14,3.4938553104884106e-15,3.094548548459465e-14,3.094548548459465e-14,12.529891825459746,207.61373305284104,399.39540945445907,2CXO J151616.0+561701,229.0670223994407,56.283780157629536,0.29330033,0.0201,50,5.2916983545780596e+42,4.323520087744461e+42,28.21228,4.757159,67.31347962145514,56.15672360540611,False,201451902010030.0,56.0,108040907010056.0,0804090701,68275.0,229.0682379068,56.283734666427,40039.0,4XMM J151616.0+561701,229.0670223994407,56.283780157629536,J151616.0+561701,56453.0,504.0,6796.0,2CXO J151616.0+561701,20995,2018-03-01,16.0
20995,True,ERROR,458.0221115912945,0.0338285996800462,62.48854430406231,,-2.17812760314823,8.796239038147164,8.796239038147164,1.8990667348547863e-14,1.5516102063921665e-14,1.5516102063921665e-14,6.319613153393372e-14,2.8706449611993355e-14,2.8706449611993355e-14,3.169705036850727e-19,3.4447979731989195e-14,3.4447979731989195e-14,1.3266013041319336e-16,3.4330792668574025e-14,3.4330792668574025e-14,3.361025241020869e-15,3.10764753351875e-14,3.10764753351875e-14,3.4938553104884106e-15,3.094548548459465e-14,3.094548548459465e-14,12.529891825459746,207.61373305284104,399.39540945445907,2CXO J151616.0+561701,229.0670223994407,56.283780157629536,0.29330033,0.0201,50,5.2916983545780596e+42,4.323520087744461e+42,28.21228,4.757159,67.31347962145514,56.15672360540611,False,201451902010030.0,38.0,109130802010038.0,0913080201,72824.0,229.06691097025,56.28390558918,69764.0,4XMM J151616.0+561701,229.0670223994407,56.283780157629536,J151616.0+561701,56453.0,504.0,6796.0,2CXO J151616.0+561701,20995,2018-03-01,16.0
3038,True,main,501.0581895784902,5.970816732282086e-05,0.0204917309124674,,1.7167394637102658,0.1324327511802134,0.1324327511802134,2.391200525564845e-13,2.0373351727913715e-14,2.0373351727913715e-14,1.715508058307755e-13,8.793746349558938e-14,8.793746349558938e-14,2.4881616109103142e-14,2.346073939875938e-13,2.346073939875938e-13,9.145619352133301e-14,1.680306743670995e-13,1.680306743670995e-13,7.593790164658597e-14,1.8355044864617155e-13,1.8355044864617155e-13,1.9217149184138985e-13,6.732200317495743e-14,6.732200317495743e-14,11.150531316610117,267.84949424276004,437.41971686747786,2CXO J173801.1+583012,264.5050088008918,58.50335094028919,0.33020106,0.034,150,8.771324948870741e+43,7.473287430001546e+42,85.10259,13.63946,280.9785842669235,51.000514861853745,False,207829401010012.0,13.0,107829401010012.0,0782940101,67487.0,264.50541079415,58.50314676548,20040.0,4XMM J173801.2+583011,264.5050088008918,58.50335094028919,J173801.1+583012,52017.0,32.0,366.0,2CXO J173801.1+583012,3038,2002-08-05,4.6
9370b,True,main,565.5495087146496,0.0008643771244717,0.0265961284321461,,1.9701781545601191,0.2497578763944967,0.2497578763944967,3.359483031027292e-14,4.249045406374787e-15,4.249045406374787e-15,1.9200260928080722e-14,1.864414676539078e-14,1.864414676539078e-14,5.144687559974491e-15,3.269946624395881e-14,3.269946624395881e-14,1.4370657290598543e-14,2.3473695592323005e-14,2.3473695592323005e-14,9.178267179187978e-15,2.866638111265746e-14,2.866638111265746e-14,2.869751353809075e-14,9.14653004389076e-15,9.14653004389076e-15,15.290635205747913,254.70128178141104,413.2812804661444,2CXO J212957.0+000208,322.4877408735431,0.0357469759506893,0.5569251,0.0321,92,4.2758931310076594e+43,5.408113063426277e+42,144.9461,8.411953,23.17746411271012,3.225337145646034,False,200930302010011.0,11.0,100930302010011.0,0093030201,54723.0,322.48781637961,0.0356804518886209,55291.0,4XMM J212957.0+000208,322.4877408735431,0.0357469759506893,J212957.0+000208,55476.0,63.0,4193.0,2CXO J212957.0+000208,9370,2009-04-03,29.6
11728,True,main,516.2604353117615,0.0,0.1172288927691966,,2.0872659982958224,0.2260529127984125,0.2260529127984125,9.050281237305697e-14,9.384883455616656e-15,9.384883455616656e-15,4.6661557130656095e-14,5.322936820118133e-14,5.322936820118133e-14,1.5599145535848083e-14,8.429049757875307e-14,8.429049757875307e-14,4.035931863078962e-14,5.953156150606754e-14,5.953156150606754e-14,2.3028673433049413e-14,7.686240875947087e-14,7.686240875947087e-14,7.903150497187648e-14,2.0856235191077044e-14,2.0856235191077044e-14,12.94957734604044,251.8989555674105,416.7591660910743,2CXO J233731.7+002600,354.3824567106792,0.4332929204472137,0.3138215,0.0367,112,2.9492037191169966e+43,3.058240121499698e+42,228.7357,5.308202,39.56654443231073,4.204427007905198,False,200423413010006.0,10.0,108273504010010.0,0827350401,71125.0,354.38243196456,0.43330363148393,32811.0,4XMM J233731.7+002559,354.3824567106792,0.4332929204472137,J233731.7+002600,52525.0,493.0,682.0,2CXO J233731.7+002600,11728,2009-08-18,16.8
11728,True,main,516.2604353117615,0.0,0.1172288927691966,,2.0872659982958224,0.2260529127984125,0.2260529127984125,9.050281237305697e-14,9.384883455616656e-15,9.384883455616656e-15,4.6661557130656095e-14,5.322936820118133e-14,5.322936820118133e-14,1.5599145535848083e-14,8.429049757875307e-14,8.429049757875307e-14,4.035931863078962e-14,5.953156150606754e-14,5.953156150606754e-14,2.3028673433049413e-14,7.686240875947087e-14,7.686240875947087e-14,7.903150497187648e-14,2.0856235191077044e-14,2.0856235191077044e-14,12.94957734604044,251.8989555674105,416.7591660910743,2CXO J233731.7+002600,354.3824567106792,0.4332929204472137,0.3138215,0.0367,112,2.9492037191169966e+43,3.058240121499698e+42,228.7357,5.308202,39.56654443231073,4.204427007905198,False,200423413010006.0,6.0,100423413010006.0,0042341301,54301.0,354.38219602204,0.43308897456528,8999.0,4XMM J233731.7+002559,354.3824567106792,0.4332929204472137,J233731.7+002600,52525.0,493.0,682.0,2CXO J233731.7+002600,11728,2009-08-18,16.8
5786,True,main,485.3980254914767,0.021852370873866,0.3552261277567967,,1.5701202449999403,0.5064938316707179,0.5064938316707179,3.9114781152335756e-14,5.115115725328058e-15,5.115115725328058e-15,3.1836797048568067e-14,1.2392894516861811e-14,1.2392894516861811e-14,2.922682395473163e-15,4.1307138373093564e-14,4.1307138373093564e-14,1.3755093953767984e-14,3.0473256764215694e-14,3.0473256764215694e-14,1.3409687840929912e-14,3.0820683646649155e-14,3.0820683646649155e-14,3.0084798094212664e-14,1.4144861569947794e-14,1.4144861569947794e-14,12.496904774961205,237.02023254960835,395.02138396266326,2CXO J234319.2+002116,355.83010355783244,0.35467909219556,0.3994345,0.0316,74,2.243973945050241e+43,2.934488210185857e+42,66.52766,3.340205,58.794764692363685,8.235910362535023,False,202112801010015.0,11.0,102112801010015.0,0211280101,58068.0,355.83008726133,0.35488761043865,42551.0,4XMM J234319.2+002117,355.83010355783244,0.35467909219556,J234319.2+002116,55449.0,899.0,4213.0,2CXO J234319.2+002116,5786,2005-10-17,29.8
