srcid,src_num,detid,observation_id,observation_oid,ra,dec,duration,IAUNAME,ra_2,dec_2,IAUstripped,MJD,FIBERID,PLATE,CSC21P_name,CHANDRA_OBSID, OBSDATE, TIME
202033608010075,140,106727801010142,0672780101,62595,150.42465310008,2.0659130922614,126275,4XMM J100141.9+020357,150.4248867555845,2.06614075852984,J100141.9+020358,52235.0,231.0,501.0,2CXO J100141.9+020358,8005,2007-04-25,31.6
201109302015076,35,108027101010035,0802710101,68526,150.49216916399,55.526803692157,19841,4XMM J100158.2+553135,150.49290180356007,55.5264832897039,J100158.3+553135,56011.0,80.0,5743.0,2CXO J100158.3+553135,7851,2006-12-27,4.7
201475101010006,48,101475117010048,0147511701,56724,162.70104814772,57.422649082192,99046,4XMM J105048.2+572521,162.7006323779692,57.42259322006356,J105048.1+572521,56625.0,162.0,7095.0,2CXO J105048.1+572521,1674,2001-07-05,4.7
209018305010006,6,109018305010006,0901830501,72359,186.90774015419,8.7353434664731,11704,4XMM J122737.8+084407,186.9076307125941,8.734938430610194,J122737.8+084405,53472.0,566.0,1626.0,2CXO J122737.8+084405,7840,2007-02-13,4.9
201445701010002,3,106711507010003,0671150701,62490,206.90179052961,17.567732940018,9082,4XMM J134736.4+173404,206.90166743381383,17.56793972168584,J134736.4+173404,54233.0,442.0,2742.0,2CXO J134736.4+173404,10561,2008-11-29,2.0
200131401010032,8,108805504010008,0880550401,71616,213.20673277009,-3.1224204950759,56838,4XMM J141249.6-030720,213.2070914558974,-3.122107893524904,J141249.7-030719,52378.0,84.0,916.0,2CXO J141249.7-030719,358,2000-08-14,8.8
201451902010030,57,108040906010057,0804090601,68279,229.06649057775,56.284169910441,37541,4XMM J151616.0+561701,229.0670223994407,56.283780157629536,J151616.0+561701,56453.0,504.0,6796.0,2CXO J151616.0+561701,20830,2017-11-07,51.3
201451902010030,44,108040909010044,0804090901,69917,229.06726041578,56.283620525574,40164,4XMM J151616.0+561701,229.0670223994407,56.283780157629536,J151616.0+561701,56453.0,504.0,6796.0,2CXO J151616.0+561701,20830,2017-11-07,51.3
200731403010015,15,100731403010015,0073140301,54504,241.23971273496,32.881990453109,33025,4XMM J160457.7+325254,241.2404088810074,32.88153257650129,J160457.6+325253,55719.0,723.0,4961.0,2CXO J160457.6+325253,2791,2002-01-07,20.4
200731403010015,12,100731405010012,0073140501,54505,241.24041773135,32.882057455283,33250,4XMM J160457.7+325254,241.2404088810074,32.88153257650129,J160457.6+325253,55719.0,723.0,4961.0,2CXO J160457.6+325253,2791,2002-01-07,20.4
201109302010047,46,108027103010046,0802710301,68534,150.24738369564,55.860898157932,19442,4XMM J100059.4+555139,150.24787934990104,55.86116342175639,J100059.4+555140,56624.0,522.0,7084.0,2CXO J100059.4+555140,362,2000-04-16,47.7
200813408010018,18,100813408010018,0081340801,54529,183.47295383296,2.9265935851804,19998,4XMM J121353.5+025535,183.47274248035683,2.926636433229848,J121353.4+025535,55633.0,212.0,4749.0,2CXO J121353.4+025535,4110,2003-04-15,10.0
201095201010003,20,101095206010018,0109520601,55264,35.741626022386,-4.3113067996827,18991,4XMM J022257.9-041840,35.74153050987752,-4.311349189918651,J022257.9-041840,55534.0,367.0,4387.0,2CXO J022257.9-041840,18258,2016-09-26,9.9
207626303010017,16,107626303010017,0762630301,66729,184.51221536746,29.411259098619,20061,4XMM J121802.9+292440,184.51210024389832,29.411162562710928,J121802.9+292440,53799.0,106.0,2230.0,2CXO J121802.9+292440,21046,2018-05-31,37.6
201115502015138,50,101621604010049,0162160401,57271,189.30855087747,62.084578072765,8936,4XMM J123714.3+620503,189.3097184217619,62.08449501009272,J123714.3+620504,56686.0,80.0,7118.0,2CXO J123714.3+620504,1671,2000-11-21,167.2
204049672010015,5,105539114010009,0553911401,60905,33.550933976073,-4.394254962715,24934,4XMM J021412.2-042338,33.55080582304748,-4.39427061947865,J021412.1-042339,56662.0,723.0,7237.0,2CXO J021412.1-042339,20536,2017-09-24,9.9
208270209010003,3,108270209010003,0827020901,69076,171.09410394097,21.525504769041,33968,4XMM J112422.5+213131,171.0942147861341,21.525592179086622,J112422.6+213132,54178.0,117.0,2496.0,2CXO J112422.6+213132,11770,2009-10-30,5.0
202005101010002,2,104028301010002,0402830101,59160,186.70650107936,31.293439084118,40338,4XMM J122649.5+311736,186.7065098844489,31.293497744734186,J122649.5+311736,53818.0,48.0,2013.0,2CXO J122649.5+311736,1639,2000-10-29,1.7
208612603010003,3,108612603010003,0861260301,71234,216.03859355931,4.2687505886451,57512,4XMM J142409.2+041607,216.0389133485537,4.268658938327836,J142409.3+041607,52027.0,349.0,585.0,2CXO J142409.3+041607,15375,2012-12-15,9.9
209026301010020,33,109026303010033,0902630301,72650,137.39120849467,51.70950741571,54752,4XMM J090933.9+514234,137.3912011741122,51.71052157796798,J090933.9+514237,56598.0,370.0,5729.0,2CXO J090933.9+514237,5377,2005-02-10,2.9
206558002010021,21,106558002010021,0655800201,62273,186.39372892741,5.5080999925468,19738,4XMM J122534.4+053029,186.39453368151,5.508048054770607,J122534.6+053028,54509.0,507.0,2880.0,2CXO J122534.6+053028,21695,2019-06-19,14.4
201060604010004,11,101060605010011,0106060501,55084,187.57447517166,13.872700739962,14091,4XMM J123017.8+135220,187.5745364665621,13.872778262956135,J123017.8+135222,56308.0,900.0,5400.0,2CXO J123017.8+135222,8066,2008-02-21,5.1
201415701010014,14,101415701010014,0141570101,56539,188.8301915045,12.553861093154,39589,4XMM J123519.2+123313,188.83036204695213,12.553900834342535,J123519.2+123314,56010.0,372.0,5405.0,2CXO J123519.2+123314,2072,2001-04-22,54.4
201096608010064,36,101096609010036,0109660901,55273,203.75052886742,37.942367532737,45397,4XMM J133500.1+375632,203.7507263547559,37.9424791939464,J133500.1+375632,55590.0,534.0,3987.0,2CXO J133500.1+375632,2236,2001-06-08,29.8
200393401010008,7,106512401010007,0651240101,61836,233.16404290381,30.436316729507,36138,4XMM J153239.4+302610,233.16391875315253,30.43627854141797,J153239.3+302610,55735.0,512.0,4722.0,2CXO J153239.3+302610,1649,2001-08-26,9.4
200411804010084,61,100411804010084,0041180401,54282,208.43885148211,40.33973218905,20000,4XMM J135345.3+402023,208.43937113212223,40.3391496132556,J135345.3+402021,53061.0,422.0,1378.0,2CXO J135345.3+402021,5903,2005-04-10,4.5
201475112010065,62,101475112010065,0147511201,56721,163.74624637907,57.648813506039,103993,4XMM J105458.9+573856,163.745977772576,57.64882814060254,J105459.0+573855,56666.0,492.0,7102.0,2CXO J105459.0+573855,1683,2001-07-05,4.7
206050009015004,4,108273513010004,0827351301,71022,137.45246066141,10.942778498616,19055,4XMM J090948.6+105633,137.45255062424735,10.94286541896549,J090948.6+105634,53050.0,431.0,1739.0,2CXO J090948.6+105634,924,2000-10-02,29.8
201451902010030,32,108842204010032,0884220401,71296,229.06660008692,56.283885367628,69722,4XMM J151616.0+561701,229.0670223994407,56.283780157629536,J151616.0+561701,56453.0,504.0,6796.0,2CXO J151616.0+561701,20830,2017-11-07,51.3
200851501010023,29,100851502010030,0085150201,54599,132.26002803051,45.001395720014,48238,4XMM J084902.2+450003,132.25955381546817,45.0013107694644,J084902.2+450004,56226.0,663.0,4684.0,2CXO J084902.2+450004,927,2000-05-04,125.2
200943101010104,103,100943101010104,0094310101,54777,334.42355577782,0.15178123282425,6228,4XMM J221741.7+000908,334.42356130124506,0.1520843737717409,J221741.6+000907,52140.0,356.0,375.0,2CXO J221741.6+000907,1694,2001-07-10,77.9
201123707010006,6,101123707010006,0112370701,55684,34.37096241288,-5.3140901633057,47648,4XMM J021729.0-051850,34.37075364659637,-5.314240925502898,J021728.9-051851,56662.0,69.0,7237.0,2CXO J021728.9-051851,17287,2015-09-23,47.5
201109302015076,38,101477601010038,0147760101,56741,150.49235976698,55.526683411747,41142,4XMM J100158.2+553135,150.49290180356007,55.5264832897039,J100158.3+553135,56011.0,80.0,5743.0,2CXO J100158.3+553135,7851,2006-12-27,4.7
201445701010002,2,106511402010002,0651140201,61825,206.90197606998,17.567606895639,12668,4XMM J134736.4+173404,206.90166743381383,17.56793972168584,J134736.4+173404,54233.0,442.0,2742.0,2CXO J134736.4+173404,10561,2008-11-29,2.0
201445701010002,3,106511404010003,0651140401,61827,206.90227248178,17.567582925883,7668,4XMM J134736.4+173404,206.90166743381383,17.56793972168584,J134736.4+173404,54233.0,442.0,2742.0,2CXO J134736.4+173404,10561,2008-11-29,2.0
201451902010030,32,108243205010032,0824320501,70333,229.06701236487,56.284049215495,64323,4XMM J151616.0+561701,229.0670223994407,56.283780157629536,J151616.0+561701,56453.0,504.0,6796.0,2CXO J151616.0+561701,20830,2017-11-07,51.3
202033607010121,37,103023501010041,0302350101,58363,150.49077447847,2.6347574375996,18036,4XMM J100157.7+023804,150.49064254989906,2.63462829760258,J100157.7+023804,55630.0,940.0,4737.0,2CXO J100157.7+023804,15207,2012-11-25,14.9
202033607010121,66,103023506010067,0302350601,58368,150.4906316311,2.6343539964606,18037,4XMM J100157.7+023804,150.49064254989906,2.63462829760258,J100157.7+023804,55630.0,940.0,4737.0,2CXO J100157.7+023804,15207,2012-11-25,14.9
201128305015080,86,101128302010090,0112830201,55849,182.54461820478,39.383497404383,56999,4XMM J121010.6+392300,182.54444854398932,39.38366180984765,J121010.6+392301,56366.0,454.0,6632.0,2CXO J121010.6+392301,348,2000-03-07,27.7
200675402010023,24,100675402010023,0067540201,54469,12.349575536317,32.004429679201,47263,4XMM J004923.8+320015,12.349562687891478,32.00423737859483,J004923.9+320015,56540.0,355.0,6872.0,2CXO J004923.9+320015,12809,2010-10-13,93.8
202021902010010,10,102021902010010,0202190201,57587,3.9338959480466,17.26741642391,24981,4XMM J001544.1+171602,3.933901739147871,17.26723686108447,J001544.1+171602,56270.0,113.0,6111.0,2CXO J001544.1+171602,10547,2008-10-29,9.9
201530301010006,6,101530301010006,0153030101,57038,10.307480097447,25.446130273236,14037,4XMM J004113.8+252646,10.307595329820684,25.44614072274096,J004113.8+252646,56301.0,466.0,6286.0,2CXO J004113.8+252646,7608,2007-07-11,3.0
208427301010097,171,108427302010171,0842730201,70650,164.09258183268,42.303202179857,79761,4XMM J105622.0+421808,164.0920394798834,42.302195347916246,J105622.0+421807,55654.0,642.0,4624.0,2CXO J105622.0+421807,17063,2015-03-02,23.4
201096608010118,137,101096610010132,0109661001,55274,203.370988488,37.932858728624,85604,4XMM J133329.1+375559,203.3712151280257,37.93296653789965,J133329.1+375558,55333.0,88.0,3984.0,2CXO J133329.1+375558,2236,2001-06-08,29.8
201090701010028,15,105615802010014,0561580201,61210,158.81516790986,39.652632177331,60835,4XMM J103515.6+393909,158.81524459541015,39.65264475174022,J103515.6+393909,53003.0,270.0,1432.0,2CXO J103515.6+393909,3319,2002-03-26,5.1
203002106010008,2,105052103010004,0505210301,60286,356.19328636254,9.0940430989308,18923,4XMM J234446.3+090538,356.1931274408752,9.09396200676222,J234446.3+090538,56190.0,740.0,6160.0,2CXO J234446.3+090538,4941,2004-05-17,16.1
201082602010142,88,108218002010088,0821800201,69533,186.44179548413,12.883660977565,122759,4XMM J122546.0+125301,186.44233378931585,12.883613997070755,J122546.1+125301,53120.0,559.0,1614.0,2CXO J122546.1+125301,318,2000-04-07,14.6
208102005010010,10,108102005010010,0810200501,69507,192.04272787465,17.860004576236,27828,4XMM J124810.2+175135,192.0427447939154,17.859979515905767,J124810.2+175135,56090.0,279.0,5856.0,2CXO J124810.2+175135,18346,2016-08-03,58.5
201573601010066,16,103059004010016,0305900401,58742,197.25660712441,21.378697954916,12986,4XMM J130901.4+212243,197.2561808231883,21.378693930066778,J130901.4+212243,56066.0,246.0,5992.0,2CXO J130901.4+212243,2790,2002-05-21,19.2
208545902010017,26,108914001010026,0891400101,72006,214.02048378012,13.215867005557,16861,4XMM J141604.9+131256,214.0202078882644,13.215672010963567,J141604.8+131257,53442.0,158.0,1706.0,2CXO J141604.8+131257,7875,2007-03-20,19.5
201090701010028,19,106553101010014,0655310101,62224,158.81502570123,39.652329831397,44372,4XMM J103515.6+393909,158.81524459541015,39.65264475174022,J103515.6+393909,53003.0,270.0,1432.0,2CXO J103515.6+393909,3319,2002-03-26,5.1
202033608010075,37,103023509010035,0302350901,58371,150.42493450665,2.0653541056799,16730,4XMM J100141.9+020357,150.4248867555845,2.06614075852984,J100141.9+020358,52235.0,231.0,501.0,2CXO J100141.9+020358,8005,2007-04-25,31.6
206776701390002,2,106776701390002,0677670139,64135,31.49199644923,-6.2206780426447,14348,4XMM J020558.1-061313,31.492178330531544,-6.220464501372674,J020558.1-061313,56660.0,271.0,7238.0,2CXO J020558.1-061313,16575,2015-06-24,5.0
201122503010018,28,101122513010028,0112251301,55642,214.14494304283,11.558894112569,25998,4XMM J141634.7+113332,214.1451384412103,11.558217251502214,J141634.8+113329,55980.0,916.0,5456.0,2CXO J141634.8+113329,5645,2005-03-30,88.9
201279204010038,38,101279204010038,0127920401,56223,214.18353408974,52.372242981692,26804,4XMM J141644.0+522218,214.18318807415065,52.37203967448506,J141643.9+522219,56415.0,829.0,6742.0,2CXO J141643.9+522219,3305,2002-08-11,29.4
201279204010038,32,101279210010032,0127921001,56228,214.18353914658,52.371851586657,51508,4XMM J141644.0+522218,214.18318807415065,52.37203967448506,J141643.9+522219,56415.0,829.0,6742.0,2CXO J141643.9+522219,3305,2002-08-11,29.4
204050803010051,52,104050803010051,0405080301,59381,199.02132004864,42.045119579312,39004,4XMM J131605.2+420244,199.0217658120117,42.04577589347901,J131605.2+420244,56368.0,152.0,6620.0,2CXO J131605.2+420244,2197,2001-08-27,28.0
201109302015076,80,101109302015076,0110930201,55368,150.49213397542,55.526322788568,20024,4XMM J100158.2+553135,150.49290180356007,55.5264832897039,J100158.3+553135,56011.0,80.0,5743.0,2CXO J100158.3+553135,7851,2006-12-27,4.7
200928001010015,18,105022203010018,0502220301,59973,127.91299303568,52.701611363046,82718,4XMM J083139.0+524205,127.9129610476968,52.70150226506805,J083139.1+524205,51883.0,191.0,444.0,2CXO J083139.1+524205,1643,2000-10-11,9.1
201109302015076,30,108027105010030,0802710501,68562,150.49290378629,55.526865934266,19449,4XMM J100158.2+553135,150.49290180356007,55.5264832897039,J100158.3+553135,56011.0,80.0,5743.0,2CXO J100158.3+553135,7851,2006-12-27,4.7
200990301010011,11,100990301010011,0099030101,54857,169.2651427693,17.744856685589,20034,4XMM J111703.6+174441,169.2648785212334,17.744646701264188,J111703.5+174440,54174.0,379.0,2494.0,2CXO J111703.5+174440,4933,2004-06-18,18.8
201445701010002,2,106711506010002,0671150601,62489,206.90105097593,17.567926783998,10469,4XMM J134736.4+173404,206.90166743381383,17.56793972168584,J134736.4+173404,54233.0,442.0,2742.0,2CXO J134736.4+173404,10561,2008-11-29,2.0
201279204010038,51,107238601010044,0723860101,64861,214.18426918969,52.371929271242,28956,4XMM J141644.0+522218,214.18318807415065,52.37203967448506,J141643.9+522219,56415.0,829.0,6742.0,2CXO J141643.9+522219,3305,2002-08-11,29.4
208434401010012,12,108434401010012,0843440101,70607,121.08858373704,10.103237483879,12691,4XMM J080421.2+100611,121.08883204838436,10.103212730028536,J080421.3+100611,54139.0,442.0,2419.0,2CXO J080421.3+100611,5626,2004-12-12,19.8
201088607010011,11,101088607010011,0108860701,55141,201.0287061608,13.907858585951,24300,4XMM J132406.8+135428,201.02858591876213,13.907777234973098,J132406.8+135427,56011.0,420.0,5431.0,2CXO J132406.8+135427,6944,2006-04-13,20.9
206558001010003,4,106558001010003,0655800101,62272,181.94211882061,43.126636520397,12636,4XMM J120746.1+430735,181.94214696554843,43.12687078851487,J120746.1+430736,53120.0,353.0,1450.0,2CXO J120746.1+430736,1578,2001-04-03,14.3
201016402010002,2,101016402010002,0101640201,54912,29.989808054064,0.55295530430787,11511,4XMM J015957.5+003310,29.99016605272635,0.552880420368375,J015957.6+003311,55201.0,524.0,3609.0,2CXO J015957.6+003311,5777,2005-09-02,19.9
206555710010003,3,106555710010003,0655571001,62258,139.19181121232,28.590976746928,15034,4XMM J091646.0+283527,139.19182432935986,28.59077408443212,J091646.0+283526,56273.0,559.0,5797.0,2CXO J091646.0+283526,15026,2013-05-12,5.0
201405506010089,64,107289802010064,0728980201,64757,151.80539818632,12.787714538866,63042,4XMM J100713.4+124714,151.80523706670436,12.786987401922428,J100713.2+124712,53055.0,590.0,1744.0,2CXO J100713.2+124712,5606,2005-01-05,41.1
202060901010025,25,102060901010025,0206090101,57958,174.56946427672,21.970768138806,34897,4XMM J113816.6+215814,174.56933639188514,21.9705723034803,J113816.6+215814,56311.0,864.0,6431.0,2CXO J113816.6+215814,20583,2019-03-05,34.6
208039514010005,5,108039514010005,0803951401,68251,191.61216255564,26.317793633347,37041,4XMM J124626.9+261904,191.61239267065355,26.317803734743475,J124627.0+261903,56339.0,589.0,5987.0,2CXO J124627.0+261903,13343,2012-02-09,1.6
200932001010024,24,100932001010024,0093200101,54742,194.79027276912,-1.6038939879285,40001,4XMM J125909.6-013614,194.78999889393597,-1.6042399565298051,J125909.6-013615,55241.0,974.0,3794.0,2CXO J125909.6-013615,4178,2003-08-03,27.3
201122503010018,18,101122503010018,0112250301,55641,214.14501144443,11.558888377351,21955,4XMM J141634.7+113332,214.1451384412103,11.558217251502214,J141634.8+113329,55980.0,916.0,5456.0,2CXO J141634.8+113329,5645,2005-03-30,88.9
208844702010030,30,108844702010030,0884470201,71958,217.71834762972,33.222972623581,29762,4XMM J143052.4+331322,217.7178952091092,33.22305157892522,J143052.2+331322,55269.0,242.0,3860.0,2CXO J143052.2+331322,4252,2003-04-01,4.6
206524002010024,23,106524002010024,0652400201,62018,252.74500515415,34.78485027942,35034,4XMM J165058.8+344705,252.7450724880293,34.78446933571085,J165058.8+344704,55746.0,562.0,4987.0,2CXO J165058.8+344704,8638,2007-11-26,8.6
201573601010066,13,104028503010014,0402850301,59163,197.25638634469,21.378615805773,5171,4XMM J130901.4+212243,197.2561808231883,21.378693930066778,J130901.4+212243,56066.0,246.0,5992.0,2CXO J130901.4+212243,2790,2002-05-21,19.2
202071302010094,102,102071302010094,0207130201,58033,151.24304867564,41.222527191213,58836,4XMM J100458.3+411321,151.2430753077881,41.22269519739027,J100458.3+411321,52672.0,61.0,1217.0,2CXO J100458.3+411321,5794,2005-01-01,80.1
209016303010018,18,109016303010018,0901630301,72358,180.99256058827,57.926352089856,4762,4XMM J120358.2+575534,180.993941197617,57.92678846709953,J120358.5+575536,56429.0,589.0,6838.0,2CXO J120358.5+575536,5757,2005-09-02,59.0
201451902010030,39,108511807010039,0851180701,70067,229.06667356719,56.283655331016,56661,4XMM J151616.0+561701,229.0670223994407,56.283780157629536,J151616.0+561701,56453.0,504.0,6796.0,2CXO J151616.0+561701,20830,2017-11-07,51.3
208007610010044,44,108007610010044,0800761001,68922,117.60878849649,50.253638954106,10762,4XMM J075026.1+501513,117.60776359496111,50.25354045866459,J075025.8+501512,53318.0,487.0,1868.0,2CXO J075025.8+501512,12811,2011-01-08,4.9
202005101010002,3,102005102010003,0200510201,57384,186.70703134674,31.293105810049,17049,4XMM J122649.5+311736,186.7065098844489,31.293497744734186,J122649.5+311736,53818.0,48.0,2013.0,2CXO J122649.5+311736,1639,2000-10-29,1.7
201451902010030,42,108918015010042,0891801501,71732,229.06711551856,56.283834228951,62928,4XMM J151616.0+561701,229.0670223994407,56.283780157629536,J151616.0+561701,56453.0,504.0,6796.0,2CXO J151616.0+561701,20830,2017-11-07,51.3
201090701010028,21,106553102010013,0655310201,62225,158.81532849642,39.652611091345,53011,4XMM J103515.6+393909,158.81524459541015,39.65264475174022,J103515.6+393909,53003.0,270.0,1432.0,2CXO J103515.6+393909,3319,2002-03-26,5.1
201115502015138,70,101621602010072,0162160201,57269,189.3116518492,62.084625361884,11536,4XMM J123714.3+620503,189.3097184217619,62.08449501009272,J123714.3+620504,56686.0,80.0,7118.0,2CXO J123714.3+620504,1671,2000-11-21,167.2
202019401010071,133,105543803015120,0554380301,60928,169.91541608283,21.372046468845,88783,4XMM J111939.6+212220,169.91618765118096,21.37253076629949,J111939.8+212221,56274.0,23.0,6429.0,2CXO J111939.8+212221,5790,2005-03-25,52.3
201109302010047,18,108027105010018,0802710501,68562,150.24732370657,55.860929634883,19449,4XMM J100059.4+555139,150.24787934990104,55.86116342175639,J100059.4+555140,56624.0,522.0,7084.0,2CXO J100059.4+555140,362,2000-04-16,47.7
201090701010028,31,108650112010031,0865011201,71121,158.8151541587,39.652687656506,91040,4XMM J103515.6+393909,158.81524459541015,39.65264475174022,J103515.6+393909,53003.0,270.0,1432.0,2CXO J103515.6+393909,3319,2002-03-26,5.1
206733101010106,108,108218002010108,0821800201,69533,186.17636617204,12.852987166216,122759,4XMM J122442.2+125109,186.1754517221925,12.853341123688311,J122442.1+125112,53166.0,344.0,1615.0,2CXO J122442.1+125112,803,2000-05-19,28.5
200131401010032,9,100131402010009,0013140201,54110,213.20677323286,-3.1225938078085,10625,4XMM J141249.6-030720,213.2070914558974,-3.122107893524904,J141249.7-030719,52378.0,84.0,916.0,2CXO J141249.7-030719,358,2000-08-14,8.8
200960201010003,22,103040304010026,0304030401,58567,184.52993144335,29.936376332943,98474,4XMM J121807.1+295611,184.5297869584357,29.9365062085182,J121807.1+295611,53827.0,228.0,2232.0,2CXO J121807.1+295611,849,2000-05-26,10.0
207444119010086,93,107444119010086,0744411901,65559,10.793599224217,-9.438835075089,36544,4XMM J004310.4-092619,10.79411675450882,-9.438504341243616,J004310.5-092618,52148.0,477.0,656.0,2CXO J004310.5-092618,4884,2004-09-03,9.6
201109302010047,108,108027110010108,0802711001,68930,150.24800608601,55.861412620475,22062,4XMM J100059.4+555139,150.24787934990104,55.86116342175639,J100059.4+555140,56624.0,522.0,7084.0,2CXO J100059.4+555140,362,2000-04-16,47.7
201109302010047,29,101477601010029,0147760101,56741,150.2480909644,55.861478822759,41142,4XMM J100059.4+555139,150.24787934990104,55.86116342175639,J100059.4+555140,56624.0,522.0,7084.0,2CXO J100059.4+555140,362,2000-04-16,47.7
201078602010002,2,101078602010002,0107860201,55114,170.11105129913,43.255184104908,19999,4XMM J112026.6+431518,170.1110318720306,43.255146894678965,J112026.6+431519,53061.0,2.0,1364.0,2CXO J112026.6+431519,5771,2005-01-11,19.8
201128101010074,45,108612503010045,0861250301,71108,172.26553355191,58.535515339227,40798,4XMM J112903.3+583208,172.26442275855004,58.53573348327514,J112903.4+583208,56666.0,471.0,7099.0,2CXO J112903.4+583208,6227,2005-02-14,10.2
206534507010002,2,106534507010002,0653450701,62109,174.19137382825,7.1132703113857,53764,4XMM J113645.9+070647,174.1909861569818,7.113193445972505,J113645.8+070647,53084.0,159.0,1619.0,2CXO J113645.8+070647,10756,2009-02-09,5.0
208244502010093,93,108244502010093,0824450201,69540,187.60812383227,41.715758681601,101800,4XMM J123026.0+414256,187.60892611189104,41.71603367524552,J123026.0+414257,53112.0,57.0,1452.0,2CXO J123026.0+414257,4726,2004-11-20,39.6
201451902010030,42,108243202010042,0824320201,69886,229.06719911385,56.284192135355,59662,4XMM J151616.0+561701,229.0670223994407,56.283780157629536,J151616.0+561701,56453.0,504.0,6796.0,2CXO J151616.0+561701,20830,2017-11-07,51.3
203002106015027,47,104021903010047,0402190301,59097,356.19602022357,9.306371432634,26341,4XMM J234446.9+091823,356.19577145076846,9.30659116816662,J234446.9+091823,56190.0,735.0,6160.0,2CXO J234446.9+091823,4941,2004-05-17,16.1
207829401010012,13,107829401010012,0782940101,67487,264.50541079415,58.50314676548,20040,4XMM J173801.2+583011,264.5050088008918,58.50335094028919,J173801.1+583012,52017.0,32.0,366.0,2CXO J173801.1+583012,3038,2002-08-05,4.6
201125217010049,45,101125217010049,0112521701,55737,187.04746185752,44.220122156494,13000,4XMM J122811.3+441313,187.0469592445205,44.22032599358055,J122811.2+441313,56367.0,420.0,6636.0,2CXO J122811.2+441313,938,2000-10-04,5.6
201096608010118,57,101096609010064,0109660901,55273,203.37142144268,37.93363419791,45397,4XMM J133329.1+375559,203.3712151280257,37.93296653789965,J133329.1+375558,55333.0,88.0,3984.0,2CXO J133329.1+375558,2236,2001-06-08,29.8
200851501010023,40,100851503010041,0085150301,54600,132.25967321686,45.00076384851,48116,4XMM J084902.2+450003,132.25955381546817,45.0013107694644,J084902.2+450004,56226.0,663.0,4684.0,2CXO J084902.2+450004,927,2000-05-04,125.2
202033612010051,51,102033612010051,0203361201,57702,150.06259158569,2.6591237737437,33130,4XMM J100014.9+023933,150.06206778176858,2.6594633710974813,J100014.8+023934,55630.0,808.0,4737.0,2CXO J100014.8+023934,7997,2006-12-30,45.4
201109302015076,51,108027108010051,0802710801,68914,150.49355488121,55.526640520433,22763,4XMM J100158.2+553135,150.49290180356007,55.5264832897039,J100158.3+553135,56011.0,80.0,5743.0,2CXO J100158.3+553135,7851,2006-12-27,4.7
200936404010025,25,100936404010025,0093640401,54756,200.14652761683,34.066639727285,15846,4XMM J132035.1+340359,200.1463070420872,34.06656156681823,J132035.1+340359,55331.0,978.0,3980.0,2CXO J132035.1+340359,7811,2007-02-19,14.1
208545902010017,22,108914002010022,0891400201,72008,214.02054270261,13.215236393591,17762,4XMM J141604.9+131256,214.0202078882644,13.215672010963567,J141604.8+131257,53442.0,158.0,1706.0,2CXO J141604.8+131257,7875,2007-03-20,19.5
201451902010030,43,108938103010043,0893810301,71997,229.0666204479,56.283848848233,47743,4XMM J151616.0+561701,229.0670223994407,56.283780157629536,J151616.0+561701,56453.0,504.0,6796.0,2CXO J151616.0+561701,20830,2017-11-07,51.3
208270106010042,42,108270106010042,0827010601,69113,231.10309582884,29.99182026801,31265,4XMM J152424.7+295930,231.10400955802515,29.992008763264405,J152424.9+295931,53442.0,162.0,1651.0,2CXO J152424.9+295931,4965,2004-05-31,55.4
204031001010063,61,104031001010063,0403100101,59191,189.12205116373,26.449806897631,77042,4XMM J123629.2+262659,189.1218257467656,26.44912758513501,J123629.2+262656,56340.0,84.0,5981.0,2CXO J123629.2+262656,2884,2003-02-04,30.0
201530301010006,6,102124810010008,0212481001,58102,10.307581164051,25.446071602729,3091,4XMM J004113.8+252646,10.307595329820684,25.44614072274096,J004113.8+252646,56301.0,466.0,6286.0,2CXO J004113.8+252646,7608,2007-07-11,3.0
207626303010019,20,107626303010019,0762630301,66729,184.51999991768,29.395537247207,20061,4XMM J121804.7+292343,184.52044237313956,29.395933689929823,J121804.9+292345,53827.0,282.0,2232.0,2CXO J121804.9+292345,21046,2018-05-31,37.6
200517602010020,26,107634801010022,0763480101,66789,211.52868574356,22.559107152019,99682,4XMM J140606.9+223333,211.5288485356588,22.55928517078354,J140606.9+223333,56066.0,392.0,6007.0,2CXO J140606.9+223333,3328,2002-08-05,5.0
201088601010028,30,101088601010028,0108860101,55136,185.95390815665,10.548414817585,18649,4XMM J122348.9+103254,185.9536206062668,10.547839806015087,J122348.8+103252,55956.0,202.0,5399.0,2CXO J122348.8+103252,3232,2003-02-04,30.1
203032602010113,70,103032605010068,0303260501,58497,158.07527895939,57.641239494507,26741,4XMM J103218.1+573829,158.07530246710496,57.64171595964464,J103218.0+573830,56657.0,650.0,7088.0,2CXO J103218.0+573830,1699,2001-04-30,40.7
201409601010027,26,101409601010027,0140960101,56525,211.78278610114,28.403663747085,21052,4XMM J140707.8+282413,211.7827746549721,28.403728251766157,J140707.8+282413,56103.0,604.0,6011.0,2CXO J140707.8+282413,16071,2014-09-04,34.6
207221404010058,57,107221404010058,0722140401,64896,214.1332784507,23.318336863295,31041,4XMM J141631.9+231906,214.13314231237476,23.318419217988424,J141631.9+231906,53800.0,207.0,2128.0,2CXO J141631.9+231906,2024,2001-09-05,14.6
202032802010003,3,102032802010003,0203280201,57687,121.39593250297,24.163965130214,7036,4XMM J080535.0+240950,121.39586349998638,24.163961870007373,J080534.9+240950,52705.0,158.0,1265.0,2CXO J080534.9+240950,9270,2007-12-18,10.0
202032802010003,3,102032802010003,0203280201,57687,121.39593250297,24.163965130214,7036,4XMM J080535.0+240950,121.39586349998638,24.163961870007373,J080534.9+240950,52705.0,158.0,1265.0,2CXO J080535.1+240948,9270,2007-12-18,10.0
202007301010027,27,102007301010027,0200730101,57402,141.74925942302,30.917384235093,27036,4XMM J092659.8+305502,141.7492546106015,30.91760410543644,J092659.8+305503,56325.0,22.0,5808.0,2CXO J092659.8+305503,3155,2002-03-11,5.3
208022008010099,99,108022008010099,0802200801,68587,165.03969907424,10.053181434355,30000,4XMM J110009.5+100311,165.03942235583327,10.053477970173548,J110009.4+100312,52723.0,490.0,1220.0,2CXO J110009.4+100312,18162,2016-01-13,14.8
207625504010009,9,107625504010009,0762550401,67221,234.19020300834,16.226631623017,70043,4XMM J153645.6+161335,234.1903615582355,16.22661029448705,J153645.6+161335,55335.0,735.0,3933.0,2CXO J153645.6+161335,16768,2015-10-01,14.8
200960201010003,20,103040301010018,0304030101,58565,184.52993811504,29.936477497388,95070,4XMM J121807.1+295611,184.5297869584357,29.9365062085182,J121807.1+295611,53827.0,228.0,2232.0,2CXO J121807.1+295611,849,2000-05-26,10.0
201112702015016,20,105517802015015,0551780201,60754,227.66190293888,5.8922067857386,42637,4XMM J151038.8+055331,227.66187996851968,5.892436472743274,J151038.8+055332,55710.0,408.0,4878.0,2CXO J151038.8+055332,891,2000-04-12,19.8
202006301010012,14,108304202010014,0830420201,69770,134.92455777485,39.169980910226,60262,4XMM J085941.8+391011,134.92399453898753,39.16988027030593,J085941.7+391011,55973.0,742.0,4608.0,2CXO J085941.7+391011,6862,2006-01-26,14.9
205517606010004,4,105517606010004,0551760601,60750,188.86153635311,21.342976954251,22194,4XMM J123526.6+212034,188.86106776605536,21.34299290668476,J123526.6+212034,56089.0,431.0,5985.0,2CXO J123526.6+212034,13883,2011-11-06,11.9
205517606010004,5,106716408010005,0671640801,62533,188.86127128147,21.342903187921,26227,4XMM J123526.6+212034,188.86106776605536,21.34299290668476,J123526.6+212034,56089.0,431.0,5985.0,2CXO J123526.6+212034,13883,2011-11-06,11.9
208042712010019,19,108042712010019,0804271201,68236,214.64993888783,53.52390031583,14040,4XMM J141835.9+533126,214.6503999879845,53.52397682098963,J141836.0+533126,55715.0,727.0,5017.0,2CXO J141836.0+533126,4757,2004-07-28,6.4
201122403010083,85,101122403010083,0112240301,55637,202.63373586637,-1.982987769441,29757,4XMM J133032.0-015858,202.633385510394,-1.982557436293016,J133032.0-015857,52377.0,497.0,910.0,2CXO J133032.0-015857,12914,2011-03-16,37.0
203023522010046,48,103023522010046,0302352201,58383,149.49832095232,2.4695266112373,20071,4XMM J095759.5+022810,149.49769191588257,2.469509386863632,J095759.4+022810,51994.0,483.0,500.0,2CXO J095759.4+022810,8009,2007-01-02,45.9
202060901010025,16,102060902010015,0206090201,57959,174.56929691557,21.970440897274,8037,4XMM J113816.6+215814,174.56933639188514,21.9705723034803,J113816.6+215814,56311.0,864.0,6431.0,2CXO J113816.6+215814,20583,2019-03-05,34.6
200731403010015,16,106716201010015,0671620101,62529,241.2402461417,32.881697720256,58542,4XMM J160457.7+325254,241.2404088810074,32.88153257650129,J160457.6+325253,55719.0,723.0,4961.0,2CXO J160457.6+325253,2791,2002-01-07,20.4
202033612010051,31,102033611010028,0203361101,57701,150.06214027709,2.6592810799847,37442,4XMM J100014.9+023933,150.06206778176858,2.6594633710974813,J100014.8+023934,55630.0,808.0,4737.0,2CXO J100014.8+023934,7997,2006-12-30,45.4
201122703010016,13,101122703010016,0112270301,55650,170.47865469798,24.415937473948,9999,4XMM J112154.8+242457,170.47843811166229,24.41555299165896,J112154.8+242456,56306.0,384.0,6414.0,2CXO J112154.8+242456,4989,2004-02-15,38.5
207226601010049,52,107226601010049,0722660101,64810,189.03905702495,28.933851222824,41145,4XMM J123609.4+285602,189.0389735366682,28.93362221302541,J123609.3+285601,56341.0,405.0,6478.0,2CXO J123609.3+285601,5588,2005-05-11,49.3
201530301010010,20,102124810010020,0212481001,58102,10.363138157723,25.438027426252,3091,4XMM J004127.2+252617,10.36353152113344,25.437905755052068,J004127.2+252616,56301.0,462.0,6286.0,2CXO J004127.2+252616,7608,2007-07-11,3.0
201125520010007,7,101125520010007,0112552001,55764,154.41075829333,21.688527373622,9378,4XMM J101738.5+214118,154.41042506392023,21.68839661775146,J101738.5+214118,53739.0,157.0,2365.0,2CXO J101738.5+214118,2760,2002-03-14,19.8
205016215010008,8,105016215010008,0501621501,59901,158.39110854195,58.243285116044,13038,4XMM J103333.8+581435,158.39161431048387,58.243228902645626,J103334.0+581435,56657.0,705.0,7088.0,2CXO J103334.0+581435,13882,2013-01-16,11.9
202046501010001,1,102046501010001,0204650101,57841,179.11662740457,55.124324812475,2801,4XMM J115628.2+550732,179.1173302056127,55.12516238500589,J115628.1+550730,52672.0,359.0,1018.0,2CXO J115628.1+550730,4845,2004-01-03,9.2
201060604010004,4,101060604010004,0106060401,55083,187.57452801912,13.872169449001,7636,4XMM J123017.8+135220,187.5745364665621,13.872778262956135,J123017.8+135222,56308.0,900.0,5400.0,2CXO J123017.8+135222,8066,2008-02-21,5.1
202004309010001,1,102004309010001,0200430901,57370,210.21903875435,-1.7531094611247,8587,4XMM J140052.5-014511,210.21903271807355,-1.753091739363961,J140052.5-014511,52443.0,429.0,915.0,2CXO J140052.5-014511,9557,2008-03-10,49.4
201279204010038,36,101279211010036,0127921101,56229,214.18358847535,52.37195080733,3898,4XMM J141644.0+522218,214.18318807415065,52.37203967448506,J141643.9+522219,56415.0,829.0,6742.0,2CXO J141643.9+522219,3305,2002-08-11,29.4
201128101010074,76,101128101010074,0112810101,55843,172.26335682166,58.535963259952,17188,4XMM J112903.3+583208,172.26442275855004,58.53573348327514,J112903.4+583208,56666.0,471.0,7099.0,2CXO J112903.4+583208,6227,2005-02-14,10.2
201096608010064,63,101096608010064,0109660801,55272,203.75073897921,37.942229963454,65821,4XMM J133500.1+375632,203.7507263547559,37.9424791939464,J133500.1+375632,55590.0,534.0,3987.0,2CXO J133500.1+375632,2236,2001-06-08,29.8
201475101010006,45,101475118010044,0147511801,56725,162.70096502939,57.422453083524,89149,4XMM J105048.2+572521,162.7006323779692,57.42259322006356,J105048.1+572521,56625.0,162.0,7095.0,2CXO J105048.1+572521,1674,2001-07-05,4.7
203032602010113,98,103032602010113,0303260201,58495,158.07616673647,57.64198711629,96006,4XMM J103218.1+573829,158.07530246710496,57.64171595964464,J103218.0+573830,56657.0,650.0,7088.0,2CXO J103218.0+573830,1699,2001-04-30,40.7
208102005010010,34,108102007010034,0810200701,69876,192.04266548846,17.859886844882,29262,4XMM J124810.2+175135,192.0427447939154,17.859979515905767,J124810.2+175135,56090.0,279.0,5856.0,2CXO J124810.2+175135,18346,2016-08-03,58.5
200928001010015,24,108304801010024,0830480101,69733,127.91309079344,52.701560449325,28162,4XMM J083139.0+524205,127.9129610476968,52.70150226506805,J083139.1+524205,51883.0,191.0,444.0,2CXO J083139.1+524205,1643,2000-10-11,9.1
205517606010004,6,106716407010005,0671640701,62532,188.86072336708,21.343520584396,22934,4XMM J123526.6+212034,188.86106776605536,21.34299290668476,J123526.6+212034,56089.0,431.0,5985.0,2CXO J123526.6+212034,13883,2011-11-06,11.9
201112702015016,17,105517804010013,0551780401,60756,227.66198196495,5.8923512182618,42637,4XMM J151038.8+055331,227.66187996851968,5.892436472743274,J151038.8+055332,55710.0,408.0,4878.0,2CXO J151038.8+055332,891,2000-04-12,19.8
201112903010063,52,101112903010063,0111290301,55509,169.78893298425,40.344586516178,16086,4XMM J111909.3+402040,169.7885888497899,40.34474027590321,J111909.2+402041,56008.0,344.0,4651.0,2CXO J111909.2+402041,868,2000-10-03,19.7
203031104010016,16,103031104010016,0303110401,58480,14.122951916957,0.50413774350364,9965,4XMM J005629.5+003014,14.122791224845912,0.5039977583687518,J005629.4+003014,55455.0,527.0,4225.0,2CXO J005629.4+003014,7746,2008-02-08,9.9
202044101010008,8,102044101010008,0204410101,57826,27.601170070355,22.527539014585,10035,4XMM J015024.2+223139,27.60130982825308,22.527783548755025,J015024.3+223139,55895.0,316.0,5112.0,2CXO J015024.3+223139,15046,2013-01-01,14.8
200217401010001,1,100217401010001,0021740101,54147,144.96986942203,35.899692550864,29955,4XMM J093952.7+355358,144.96977270042578,35.89972671438815,J093952.7+355358,55590.0,314.0,4575.0,2CXO J093952.7+355358,12731,2012-01-07,8.0
201109302010047,48,101109302010047,0110930201,55368,150.24733607719,55.860503320264,20024,4XMM J100059.4+555139,150.24787934990104,55.86116342175639,J100059.4+555140,56624.0,522.0,7084.0,2CXO J100059.4+555140,362,2000-04-16,47.7
201109302015076,37,108027102010037,0802710201,68529,150.4926826905,55.526462098673,19441,4XMM J100158.2+553135,150.49290180356007,55.5264832897039,J100158.3+553135,56011.0,80.0,5743.0,2CXO J100158.3+553135,7851,2006-12-27,4.7
201475101010017,17,101475101010017,0147510101,56716,162.69171993111,57.292379357631,91659,4XMM J105045.9+571732,162.69202962173802,57.29229990189818,J105046.1+571732,56660.0,749.0,7094.0,2CXO J105046.1+571732,1677,2001-07-05,4.7
202006501010005,5,102006501010005,0200650101,57394,189.10613641918,12.978745006099,55743,4XMM J123625.4+125843,189.10585770972205,12.978994897095504,J123625.4+125844,53169.0,502.0,1616.0,2CXO J123625.4+125844,5911,2005-11-13,39.1
201445701010002,2,106711505010002,0671150501,62488,206.90104381572,17.568246355147,9669,4XMM J134736.4+173404,206.90166743381383,17.56793972168584,J134736.4+173404,54233.0,442.0,2742.0,2CXO J134736.4+173404,10561,2008-11-29,2.0
200131401010032,4,107612201010004,0761220101,66276,213.20680718786,-3.1223979084771,5382,4XMM J141249.6-030720,213.2070914558974,-3.122107893524904,J141249.7-030719,52378.0,84.0,916.0,2CXO J141249.7-030719,358,2000-08-14,8.8
208545902010017,32,108938109010032,0893810901,72043,214.02074472162,13.215419309606,10262,4XMM J141604.9+131256,214.0202078882644,13.215672010963567,J141604.8+131257,53442.0,158.0,1706.0,2CXO J141604.8+131257,7875,2007-03-20,19.5
201451902010030,51,108040908010051,0804090801,69913,229.06770536414,56.283766430911,38663,4XMM J151616.0+561701,229.0670223994407,56.283780157629536,J151616.0+561701,56453.0,504.0,6796.0,2CXO J151616.0+561701,20830,2017-11-07,51.3
200731403010015,24,101573606010023,0157360601,57160,241.24044614781,32.882204207362,16789,4XMM J160457.7+325254,241.2404088810074,32.88153257650129,J160457.6+325253,55719.0,723.0,4961.0,2CXO J160457.6+325253,2791,2002-01-07,20.4
200823401010058,56,100823401010058,0082340101,54536,169.39397583717,7.8016193618914,60000,4XMM J111734.5+074805,169.39415040313747,7.801720826171559,J111734.5+074806,56272.0,438.0,5369.0,2CXO J111734.5+074806,363,2000-06-02,26.5
202033612010051,17,103023511010018,0302351101,58373,150.06222523555,2.6592097064639,34438,4XMM J100014.9+023933,150.06206778176858,2.6594633710974813,J100014.8+023934,55630.0,808.0,4737.0,2CXO J100014.8+023934,7997,2006-12-30,45.4
205041020010001,1,105041020010001,0504102001,60189,126.18033442179,29.989868620372,21958,4XMM J082443.2+295923,126.18035473715496,29.989866084365666,J082443.3+295923,52672.0,500.0,1207.0,2CXO J082443.3+295923,11446,2009-12-25,2.0
200217401010001,1,108525801010001,0852580101,70277,144.96982937437,35.899708529174,28611,4XMM J093952.7+355358,144.96977270042578,35.89972671438815,J093952.7+355358,55590.0,314.0,4575.0,2CXO J093952.7+355358,12731,2012-01-07,8.0
201112901010009,9,101112901010009,0111290101,55507,147.79523308024,39.29055386063,18799,4XMM J095110.9+391726,147.79567979148044,39.29066606786613,J095110.9+391726,55945.0,242.0,4636.0,2CXO J095110.9+391726,2117,2001-03-26,2.6
201112901010009,19,108414823010019,0841482301,70617,147.79548655389,39.290683727657,53162,4XMM J095110.9+391726,147.79567979148044,39.29066606786613,J095110.9+391726,55945.0,242.0,4636.0,2CXO J095110.9+391726,2117,2001-03-26,2.6
202004309010001,1,105059301010001,0505930101,60390,210.21903489948,-1.7530796207253,49584,4XMM J140052.5-014511,210.21903271807355,-1.753091739363961,J140052.5-014511,52443.0,429.0,915.0,2CXO J140052.5-014511,9557,2008-03-10,49.4
208043703010059,59,108043703010059,0804370301,68290,225.32083398724,1.8326893259052,17041,4XMM J150117.0+014957,225.32119386347995,1.8328582130111504,J150117.0+014958,52017.0,435.0,539.0,2CXO J150117.0+014958,5907,2005-04-02,48.4
201451902010030,62,107957126010062,0795712601,68595,229.06691576303,56.283378033055,57922,4XMM J151616.0+561701,229.0670223994407,56.283780157629536,J151616.0+561701,56453.0,504.0,6796.0,2CXO J151616.0+561701,20830,2017-11-07,51.3
201530301010056,51,101530301010056,0153030101,57038,10.304532898459,25.5628882548,14037,4XMM J004112.9+253346,10.30408478584485,25.563107269644508,J004112.9+253347,56301.0,475.0,6286.0,2CXO J004112.9+253347,7608,2007-07-11,3.0
201115502015138,137,101115502015138,0111550201,55559,189.30928656798,62.083909605075,41189,4XMM J123714.3+620503,189.3097184217619,62.08449501009272,J123714.3+620504,56686.0,80.0,7118.0,2CXO J123714.3+620504,1671,2000-11-21,167.2
201109302010047,25,108027101010025,0802710101,68526,150.2468330222,55.860594317644,19841,4XMM J100059.4+555139,150.24787934990104,55.86116342175639,J100059.4+555140,56624.0,522.0,7084.0,2CXO J100059.4+555140,362,2000-04-16,47.7
201109302015076,36,108027106010036,0802710601,68580,150.49299699463,55.526319347707,19035,4XMM J100158.2+553135,150.49290180356007,55.5264832897039,J100158.3+553135,56011.0,80.0,5743.0,2CXO J100158.3+553135,7851,2006-12-27,4.7
206524013010026,16,106730023310016,0673002331,64190,353.3117226374,0.0189465210877082,6374,4XMM J233314.7+000109,353.3114990020482,0.0193696389667523,J233314.7+000109,51821.0,467.0,384.0,2CXO J233314.7+000109,8605,2008-08-05,8.8
203002106015027,26,103002106015027,0300210601,58116,356.19557731079,9.3065625398804,28141,4XMM J234446.9+091823,356.19577145076846,9.30659116816662,J234446.9+091823,56190.0,735.0,6160.0,2CXO J234446.9+091823,4941,2004-05-17,16.1
202033604010063,71,102033604010063,0203360401,57694,150.58592245445,1.7705624485981,29037,4XMM J100220.5+014614,150.5860753559898,1.7706469048456182,J100220.6+014614,55630.0,93.0,4737.0,2CXO J100220.6+014614,8010,2007-04-27,33.6
206776701390002,27,107471906320027,0747190632,66074,31.492091194238,-6.2205173427081,24148,4XMM J020558.1-061313,31.492178330531544,-6.220464501372674,J020558.1-061313,56660.0,271.0,7238.0,2CXO J020558.1-061313,16575,2015-06-24,5.0
201090701010028,28,108650111010028,0865011101,71153,158.81489057335,39.652502082195,89139,4XMM J103515.6+393909,158.81524459541015,39.65264475174022,J103515.6+393909,53003.0,270.0,1432.0,2CXO J103515.6+393909,3319,2002-03-26,5.1
206733101015018,20,106733101015018,0673310101,62646,186.13965802993,12.81413339033,115126,4XMM J122433.5+124851,186.13973781231755,12.814245470158646,J122433.5+124851,55956.0,824.0,5399.0,2CXO J122433.5+124851,803,2000-05-19,28.5
201451902010030,26,108243207010026,0824320701,71027,229.06663791842,56.283875083041,63800,4XMM J151616.0+561701,229.0670223994407,56.283780157629536,J151616.0+561701,56453.0,504.0,6796.0,2CXO J151616.0+561701,20830,2017-11-07,51.3
202071302010054,53,102071302010054,0207130201,58033,151.13343257451,41.265493156771,58836,4XMM J100432.0+411555,151.13397691136566,41.265651101015216,J100432.1+411556,55630.0,762.0,4566.0,2CXO J100432.1+411556,5794,2005-01-01,80.1
202033623010064,76,105011702010072,0501170201,59871,149.44163851892,2.2874018695333,34211,4XMM J095746.0+021715,149.4414727654491,2.2875198301592765,J095745.9+021714,55630.0,354.0,4737.0,2CXO J095745.9+021714,8015,2007-01-07,45.5
205026901010027,24,105026901010027,0502690101,60036,178.70827007177,23.323353743228,52618,4XMM J115449.9+231924,178.70825494520932,23.32339794661052,J115449.9+231924,56330.0,288.0,6404.0,2CXO J115449.9+231924,537,2000-06-23,9.6
200287403010023,23,100287403010023,0028740301,54196,154.42297756809,41.514012460298,25958,4XMM J101741.5+413050,154.42275441597496,41.514246723525694,J101741.4+413051,55570.0,809.0,4562.0,2CXO J101741.4+413051,1520,2000-02-03,23.7
208441803010027,27,108441803010027,0844180301,70066,241.41775514635,54.526694163191,19464,4XMM J160540.2+543136,241.41723850244463,54.52707891765214,J160540.1+543137,52055.0,422.0,621.0,2CXO J160540.1+543137,5855,2006-01-31,4.7
201454801010016,17,101454801010016,0145480101,56646,213.65543448438,-0.46660435207379,21696,4XMM J141437.3-002800,213.65608128931603,-0.4667476820660269,J141437.4-002800,55635.0,24.0,4034.0,2CXO J141437.4-002800,12908,2011-12-18,12.9
201475101010006,45,101475110010044,0147511001,56719,162.70103783227,57.422256832796,82047,4XMM J105048.2+572521,162.7006323779692,57.42259322006356,J105048.1+572521,56625.0,162.0,7095.0,2CXO J105048.1+572521,1674,2001-07-05,4.7
207626108010057,57,107626105010060,0762610501,67121,170.0599026425,53.046101445702,21042,4XMM J112014.4+530245,170.0610432240751,53.04626339746845,J112014.6+530246,56637.0,437.0,6698.0,2CXO J112014.6+530246,3951,2003-07-05,89.1
206738502010015,15,108270511010015,0827051101,70988,113.20019987051,31.595385407749,25762,4XMM J073248.0+313543,113.19982282302658,31.59554161507472,J073247.9+313543,55538.0,255.0,4444.0,2CXO J073247.9+313543,530,2000-09-05,10.0
200131401010032,28,100131401010032,0013140101,54109,213.20689930395,-3.1223493701777,14741,4XMM J141249.6-030720,213.2070914558974,-3.122107893524904,J141249.7-030719,52378.0,84.0,916.0,2CXO J141249.7-030719,358,2000-08-14,8.8
201573601010066,23,103059003010022,0305900301,58741,197.25642471609,21.378704817017,12937,4XMM J130901.4+212243,197.2561808231883,21.378693930066778,J130901.4+212243,56066.0,246.0,5992.0,2CXO J130901.4+212243,2790,2002-05-21,19.2
200731403010015,51,107644603010073,0764460301,66301,241.24072219388,32.881662548863,65040,4XMM J160457.7+325254,241.2404088810074,32.88153257650129,J160457.6+325253,55719.0,723.0,4961.0,2CXO J160457.6+325253,2791,2002-01-07,20.4
202033601010045,71,103023501015070,0302350101,58363,150.81775951989,2.6674419701758,18036,4XMM J100316.1+024003,150.81722978815804,2.667517436418747,J100316.1+024002,55650.0,509.0,4738.0,2CXO J100316.1+024002,15233,2013-05-21,46.5
205022202010158,163,105022202010158,0502220201,59972,127.87562640574,52.751307698268,81038,4XMM J083130.3+524503,127.87681077572675,52.750808523262165,J083130.4+524502,51883.0,200.0,444.0,2CXO J083130.4+524502,1643,2000-10-11,9.1
201445701010002,3,106511405010003,0651140501,61828,206.90206587065,17.567720656141,11268,4XMM J134736.4+173404,206.90166743381383,17.56793972168584,J134736.4+173404,54233.0,442.0,2742.0,2CXO J134736.4+173404,10561,2008-11-29,2.0
201451902010030,33,108511808010033,0851180801,70070,229.06706678475,56.28368128401,61761,4XMM J151616.0+561701,229.0670223994407,56.283780157629536,J151616.0+561701,56453.0,504.0,6796.0,2CXO J151616.0+561701,20830,2017-11-07,51.3
200393401010008,8,100393401010008,0039340101,54273,233.16439338599,30.436091688529,19838,4XMM J153239.4+302610,233.16391875315253,30.43627854141797,J153239.3+302610,55735.0,512.0,4722.0,2CXO J153239.3+302610,1649,2001-08-26,9.4
200731403010015,18,107644604010019,0764460401,66376,241.24055760694,32.881903526138,70042,4XMM J160457.7+325254,241.2404088810074,32.88153257650129,J160457.6+325253,55719.0,723.0,4961.0,2CXO J160457.6+325253,2791,2002-01-07,20.4
206004503010013,14,106004503010013,0600450301,61231,22.125333844645,29.050322527613,23034,4XMM J012830.0+290301,22.125522891337937,29.050192866638312,J012830.1+290300,56248.0,395.0,6265.0,2CXO J012830.1+290300,13872,2012-02-26,11.9
204049672010015,25,106776101310025,0677610131,64097,33.550400485077,-4.3940516844564,10643,4XMM J021412.2-042338,33.55080582304748,-4.39427061947865,J021412.1-042339,56662.0,723.0,7237.0,2CXO J021412.1-042339,20536,2017-09-24,9.9
208830401010033,33,108830401010033,0883040101,71825,133.48668381538,3.1758854401583,74762,4XMM J085356.8+031033,133.48671504484616,3.17591462678404,J085356.8+031033,52225.0,433.0,565.0,2CXO J085356.8+031033,19486,2017-01-11,9.9
201086701010031,9,106055402010009,0605540201,61582,156.02859820778,4.2754525463546,118516,4XMM J102406.8+041631,156.02859257398563,4.275559673155288,J102406.8+041632,52319.0,499.0,575.0,2CXO J102406.8+041632,909,2000-05-10,46.0
206733101015018,12,108218002010012,0821800201,69533,186.13989455114,12.81426778368,122759,4XMM J122433.5+124851,186.13973781231755,12.814245470158646,J122433.5+124851,55956.0,824.0,5399.0,2CXO J122433.5+124851,803,2000-05-19,28.5
201082602010142,83,108218003010083,0821800301,69548,186.44155129384,12.883801063108,131333,4XMM J122546.0+125301,186.44233378931585,12.883613997070755,J122546.1+125301,53120.0,559.0,1614.0,2CXO J122546.1+125301,318,2000-04-07,14.6
207829401010001,1,107829401010001,0782940101,67487,264.53875401448,58.71492697872,20040,4XMM J173809.3+584253,264.5388341998978,58.71501417802373,J173809.3+584253,52017.0,632.0,366.0,2CXO J173809.3+584253,4860,2003-11-16,3.9
207226602010102,105,107226602010102,0722660201,64812,189.18782583458,29.051644509076,40645,4XMM J123645.0+290305,189.18841740582707,29.051976212021884,J123645.2+290307,56341.0,368.0,6478.0,2CXO J123645.2+290307,5588,2005-05-11,49.3
201086701010031,37,101086701010031,0108670101,55133,156.02838401995,4.2755521662236,51200,4XMM J102406.8+041631,156.02859257398563,4.275559673155288,J102406.8+041632,52319.0,499.0,575.0,2CXO J102406.8+041632,909,2000-05-10,46.0
201635601010016,47,103059003010038,0305900301,58741,197.20015940296,21.538519049429,12937,4XMM J130848.1+213218,197.2009218874075,21.538576888709525,J130848.2+213218,56047.0,542.0,5864.0,2CXO J130848.2+213218,2790,2002-05-21,19.2
204008501010013,69,105027601010062,0502760101,60042,136.20489638151,34.099032266061,49461,4XMM J090449.1+340555,136.20452890087552,34.09877825167918,J090449.0+340555,56354.0,935.0,5812.0,2CXO J090449.0+340555,15192,2014-01-06,90.5
200928001010015,45,108304803010045,0830480301,69808,127.91317722409,52.701260817705,29762,4XMM J083139.0+524205,127.9129610476968,52.70150226506805,J083139.1+524205,51883.0,191.0,444.0,2CXO J083139.1+524205,1643,2000-10-11,9.1
201090701010028,11,108650116010011,0865011601,71497,158.81514541507,39.652951299318,90140,4XMM J103515.6+393909,158.81524459541015,39.65264475174022,J103515.6+393909,53003.0,270.0,1432.0,2CXO J103515.6+393909,3319,2002-03-26,5.1
202005101010002,2,102005101010002,0200510101,57383,186.7065241912,31.293405524881,1661,4XMM J122649.5+311736,186.7065098844489,31.293497744734186,J122649.5+311736,53818.0,48.0,2013.0,2CXO J122649.5+311736,1639,2000-10-29,1.7
201125217010049,31,108910202010031,0891020201,72296,187.04769954482,44.220382497303,38062,4XMM J122811.3+441313,187.0469592445205,44.22032599358055,J122811.2+441313,56367.0,420.0,6636.0,2CXO J122811.2+441313,938,2000-10-04,5.6
208545902010017,17,108545902010017,0854590201,70440,214.02054915635,13.215715283557,13402,4XMM J141604.9+131256,214.0202078882644,13.215672010963567,J141604.8+131257,53442.0,158.0,1706.0,2CXO J141604.8+131257,7875,2007-03-20,19.5
201405506010070,105,107289802010119,0728980201,64757,151.83208003218,12.853691511681,63042,4XMM J100719.6+125113,151.8320873696954,12.853741928461334,J100719.7+125113,56001.0,536.0,5333.0,2CXO J100719.7+125113,5606,2005-01-05,41.1
207625001010047,44,107625001010047,0762500101,66808,215.31614819262,53.329685602287,12842,4XMM J142115.8+531946,215.3163759988664,53.33016603293344,J142115.9+531948,56449.0,931.0,7028.0,2CXO J142115.9+531948,5841,2005-03-14,44.5
200823401010058,91,102035604010088,0203560401,57764,169.39390814668,7.8015780363709,81427,4XMM J111734.5+074805,169.39415040313747,7.801720826171559,J111734.5+074806,56272.0,438.0,5369.0,2CXO J111734.5+074806,363,2000-06-02,26.5
204049656010024,44,105539111010046,0553911101,60902,34.81647569889,-5.9576109415474,20533,4XMM J021916.0-055726,34.8169446204725,-5.957480019173027,J021916.0-055726,55866.0,615.0,4391.0,2CXO J021916.0-055726,23740,2020-10-31,7.0
203002114010039,30,103002114010039,0300211401,58121,184.42536332787,3.7754850716468,25041,4XMM J121742.0+034631,184.42515510797853,3.775066660026393,J121742.0+034630,52378.0,202.0,844.0,2CXO J121742.0+034630,4184,2003-07-28,12.1
201115502015138,167,101115504010163,0111550401,55561,189.30915614648,62.084400808645,91992,4XMM J123714.3+620503,189.3097184217619,62.08449501009272,J123714.3+620504,56686.0,80.0,7118.0,2CXO J123714.3+620504,1671,2000-11-21,167.2
207226602010079,79,107226602010079,0722660201,64812,189.05308828231,28.983595242415,40645,4XMM J123612.7+285900,189.053626593211,28.98295797203025,J123612.8+285858,53828.0,295.0,2237.0,2CXO J123612.8+285858,5588,2005-05-11,49.3
201573601010066,20,104028507010021,0402850701,59166,197.25592991551,21.378738837231,8172,4XMM J130901.4+212243,197.2561808231883,21.378693930066778,J130901.4+212243,56066.0,246.0,5992.0,2CXO J130901.4+212243,2790,2002-05-21,19.2
201451902010030,100,108040910010100,0804091001,69924,229.06669665055,56.283428048455,46362,4XMM J151616.0+561701,229.0670223994407,56.283780157629536,J151616.0+561701,56453.0,504.0,6796.0,2CXO J151616.0+561701,20830,2017-11-07,51.3
200731403010015,12,101573604010012,0157360401,57158,241.24036676637,32.88185520907,33202,4XMM J160457.7+325254,241.2404088810074,32.88153257650129,J160457.6+325253,55719.0,723.0,4961.0,2CXO J160457.6+325253,2791,2002-01-07,20.4
200423413010006,10,108273504010010,0827350401,71125,354.38243196456,0.43330363148393,32811,4XMM J233731.7+002559,354.3824567106792,0.4332929204472137,J233731.7+002600,52525.0,493.0,682.0,2CXO J233731.7+002600,3248,2002-07-08,9.2
201573601010066,33,101635601010034,0163560101,57293,197.25643168391,21.379727309176,30236,4XMM J130901.4+212243,197.2561808231883,21.378693930066778,J130901.4+212243,56066.0,246.0,5992.0,2CXO J130901.4+212243,2790,2002-05-21,19.2
202033607010121,35,102033606010039,0203360601,57696,150.49065694269,2.6343364943658,29037,4XMM J100157.7+023804,150.49064254989906,2.63462829760258,J100157.7+023804,55630.0,940.0,4737.0,2CXO J100157.7+023804,15207,2012-11-25,14.9
201486201010017,16,101486201010017,0148620101,56792,213.84813296258,36.160195675108,38333,4XMM J141523.5+360936,213.84824246944697,36.16007257270908,J141523.5+360936,55246.0,542.0,3859.0,2CXO J141523.5+360936,4163,2003-09-16,89.2
204049656010024,26,104049656010024,0404965601,59338,34.816698823077,-5.957392835698,14038,4XMM J021916.0-055726,34.8169446204725,-5.957480019173027,J021916.0-055726,55866.0,615.0,4391.0,2CXO J021916.0-055726,23740,2020-10-31,7.0
201475101010006,20,101475108010018,0147510801,56717,162.70118380172,57.422488953901,75948,4XMM J105048.2+572521,162.7006323779692,57.42259322006356,J105048.1+572521,56625.0,162.0,7095.0,2CXO J105048.1+572521,1674,2001-07-05,4.7
208802702010001,1,108802702010001,0880270201,71579,187.3601356927,13.339001697881,14511,4XMM J122926.4+132020,187.36011424055027,13.338855877751085,J122926.4+132019,53166.0,441.0,1615.0,2CXO J122926.4+132019,8059,2008-02-20,5.1
205518301010118,109,105518302010109,0551830201,60759,210.20027631525,2.7840318146643,112348,4XMM J140048.2+024703,210.2009915791192,2.783888266872168,J140048.2+024701,55332.0,556.0,4033.0,2CXO J140048.2+024701,496,2000-04-29,10.7
200943101010104,155,100943102010155,0094310201,54778,334.42400259821,0.15302376946708,79399,4XMM J221741.7+000908,334.42356130124506,0.1520843737717409,J221741.6+000907,52140.0,356.0,375.0,2CXO J221741.6+000907,1694,2001-07-10,77.9
201476101010029,26,101476101010029,0147610101,56734,184.65422003778,14.512239942174,47365,4XMM J121837.0+143044,184.6542519124193,14.512436418767308,J121837.0+143044,56003.0,880.0,5395.0,2CXO J121837.0+143044,17462,2015-02-16,44.5
202016903010019,20,102016903010019,0201690301,57490,185.40609069938,29.950327211034,30035,4XMM J122137.4+295701,185.4058955491713,29.9502892975749,J122137.4+295701,53827.0,150.0,2232.0,2CXO J122137.4+295701,399,2000-07-07,1.9
201530301010056,9,102124810010009,0212481001,58102,10.303763643808,25.562743741376,3091,4XMM J004112.9+253346,10.30408478584485,25.563107269644508,J004112.9+253347,56301.0,475.0,6286.0,2CXO J004112.9+253347,7608,2007-07-11,3.0
200842306010012,12,100842306010012,0084230601,54589,139.74511917286,51.727550517008,19978,4XMM J091858.8+514339,139.74517507109397,51.72773897136474,J091858.7+514340,56607.0,680.0,5730.0,2CXO J091858.7+514340,533,2000-09-05,11.3
208427301010097,97,108427301010097,0842730101,70630,164.091363472,42.301852802297,83762,4XMM J105622.0+421808,164.0920394798834,42.302195347916246,J105622.0+421807,55654.0,642.0,4624.0,2CXO J105622.0+421807,17063,2015-03-02,23.4
202033607010121,60,103023507010058,0302350701,58369,150.4904143246,2.63500914222,18037,4XMM J100157.7+023804,150.49064254989906,2.63462829760258,J100157.7+023804,55630.0,940.0,4737.0,2CXO J100157.7+023804,15207,2012-11-25,14.9
201090701010028,9,106754402010007,0675440201,62843,158.81551474819,39.652536479746,29420,4XMM J103515.6+393909,158.81524459541015,39.65264475174022,J103515.6+393909,53003.0,270.0,1432.0,2CXO J103515.6+393909,3319,2002-03-26,5.1
206004506010008,9,106004506010008,0600450601,61234,247.01621109752,27.694746584202,15334,4XMM J162803.8+274141,247.01662240139933,27.694308573640583,J162803.9+274139,55751.0,379.0,5005.0,2CXO J162803.9+274139,13888,2011-11-14,11.6
201016402010014,14,101016402010014,0101640201,54912,29.952763595883,0.50514427650241,11511,4XMM J015948.6+003018,29.952684622295465,0.5057025436371161,J015948.6+003021,55478.0,650.0,4234.0,2CXO J015948.6+003021,5777,2005-09-02,19.9
205011702010075,75,105011702010075,0501170201,59871,149.762732181,2.1807446662813,34211,4XMM J095903.0+021050,149.7624419540149,2.180016332298372,J095902.9+021048,55630.0,275.0,4737.0,2CXO J095902.9+021048,8013,2007-01-04,48.1
205007601010059,59,105007601010059,0500760101,59833,168.28266654906,13.392216006098,49964,4XMM J111307.8+132331,168.28252777268472,13.39216635414459,J111307.8+132331,53379.0,129.0,1752.0,2CXO J111307.8+132331,4216,2003-11-01,39.6
201096608010064,42,101096610010042,0109661001,55274,203.75061211713,37.942421311654,85604,4XMM J133500.1+375632,203.7507263547559,37.9424791939464,J133500.1+375632,55590.0,534.0,3987.0,2CXO J133500.1+375632,2236,2001-06-08,29.8
201451902010030,35,108842203010035,0884220301,71285,229.06684022252,56.283959621925,64646,4XMM J151616.0+561701,229.0670223994407,56.283780157629536,J151616.0+561701,56453.0,504.0,6796.0,2CXO J151616.0+561701,20830,2017-11-07,51.3
208228201010051,51,108228201010051,0822820101,69565,243.07064341605,29.572971796696,20762,4XMM J161216.9+293422,243.069651519957,29.57305907731976,J161216.7+293423,52876.0,143.0,1406.0,2CXO J161216.7+293423,4798,2004-01-14,4.4
200960201010003,13,103040306010012,0304030601,58569,184.5294587212,29.936402126454,98471,4XMM J121807.1+295611,184.5297869584357,29.9365062085182,J121807.1+295611,53827.0,228.0,2232.0,2CXO J121807.1+295611,849,2000-05-26,10.0
201475112010065,25,106060301010026,0606030101,61623,163.7456478699,57.648924615687,45183,4XMM J105458.9+573856,163.745977772576,57.64882814060254,J105459.0+573855,56666.0,492.0,7102.0,2CXO J105459.0+573855,1683,2001-07-05,4.7
203059003010035,39,103059003010035,0305900301,58741,197.21763017521,21.472264825923,12937,4XMM J130852.2+212818,197.2178347046571,21.47195866496753,J130852.2+212819,56066.0,251.0,5992.0,2CXO J130852.2+212819,731,2000-06-24,9.5
203038203010016,18,103038203010016,0303820301,58555,138.89003741162,29.601733559567,39998,4XMM J091533.6+293606,138.89018361766824,29.60139401859435,J091533.6+293604,56304.0,352.0,5804.0,2CXO J091533.6+293604,4209,2002-12-16,19.2
207626108010057,54,107626108010057,0762610801,66920,170.06041845749,53.045927400607,7042,4XMM J112014.4+530245,170.0610432240751,53.04626339746845,J112014.6+530246,56637.0,437.0,6698.0,2CXO J112014.6+530246,3951,2003-07-05,89.1
200928001010015,20,105022202010020,0502220201,59972,127.91293420923,52.701560773878,81038,4XMM J083139.0+524205,127.9129610476968,52.70150226506805,J083139.1+524205,51883.0,191.0,444.0,2CXO J083139.1+524205,1643,2000-10-11,9.1
201109302015076,28,108027103010028,0802710301,68534,150.49403044145,55.526141786326,19442,4XMM J100158.2+553135,150.49290180356007,55.5264832897039,J100158.3+553135,56011.0,80.0,5743.0,2CXO J100158.3+553135,7851,2006-12-27,4.7
200731403010015,12,103021405010012,0302140501,58336,241.24105121496,32.881896771132,8194,4XMM J160457.7+325254,241.2404088810074,32.88153257650129,J160457.6+325253,55719.0,723.0,4961.0,2CXO J160457.6+325253,2791,2002-01-07,20.4
205022202010158,132,105022203010141,0502220301,59973,127.8768864459,52.75068837479,82718,4XMM J083130.3+524503,127.87681077572675,52.750808523262165,J083130.4+524502,51883.0,200.0,444.0,2CXO J083130.4+524502,1643,2000-10-11,9.1
206534506010044,42,106534506010044,0653450601,62108,161.51729999946,4.4080198312787,47434,4XMM J104604.1+042428,161.51739489156375,4.408304766027058,J104604.1+042429,55648.0,31.0,4773.0,2CXO J104604.1+042429,10476,2009-02-01,9.9
202032802010008,8,102032802010008,0203280201,57687,121.42384791264,24.174445051986,7036,4XMM J080541.7+241028,121.4235143726458,24.174834847633644,J080541.6+241029,55863.0,568.0,4469.0,2CXO J080541.6+241029,9270,2007-12-18,10.0
201445701010002,2,106511403010002,0651140301,61826,206.90164021431,17.567938289235,7669,4XMM J134736.4+173404,206.90166743381383,17.56793972168584,J134736.4+173404,54233.0,442.0,2742.0,2CXO J134736.4+173404,10561,2008-11-29,2.0
202112801010015,11,102112801010015,0211280101,58068,355.83008726133,0.35488761043865,42551,4XMM J234319.2+002117,355.83010355783244,0.35467909219556,J234319.2+002116,55449.0,899.0,4213.0,2CXO J234319.2+002116,5786,2005-10-17,29.8
204049656010024,12,104049657010011,0404965701,59339,34.817202093797,-5.9571101351316,14038,4XMM J021916.0-055726,34.8169446204725,-5.957480019173027,J021916.0-055726,55866.0,615.0,4391.0,2CXO J021916.0-055726,23740,2020-10-31,7.0
200851501010023,25,100851501010023,0085150101,54598,132.25924655208,45.000998044534,45999,4XMM J084902.2+450003,132.25955381546817,45.0013107694644,J084902.2+450004,56226.0,663.0,4684.0,2CXO J084902.2+450004,927,2000-05-04,125.2
203032602010043,90,103032605010081,0303260501,58497,158.30306881723,57.700944933215,26741,4XMM J103312.6+574203,158.30292702725785,57.70087782139418,J103312.7+574203,56657.0,697.0,7088.0,2CXO J103312.7+574203,1698,2001-05-17,73.0
200731403010015,16,107644602010018,0764460201,66295,241.24059491966,32.881912745711,118395,4XMM J160457.7+325254,241.2404088810074,32.88153257650129,J160457.6+325253,55719.0,723.0,4961.0,2CXO J160457.6+325253,2791,2002-01-07,20.4
201125217010043,14,108244508010014,0824450801,69005,187.16284612121,44.030369667782,83763,4XMM J122839.0+440149,187.1628053080542,44.03059594409195,J122839.0+440150,56367.0,414.0,6636.0,2CXO J122839.0+440150,2031,2001-02-04,26.6
200930302010011,11,100930302010011,0093030201,54723,322.48781637961,0.0356804518886209,55291,4XMM J212957.0+000208,322.4877408735431,0.0357469759506893,J212957.0+000208,55476.0,63.0,4193.0,2CXO J212957.0+000208,552,2000-10-21,10.0
201090701010028,30,101090701010028,0109070101,55148,158.81557486177,39.651772001839,12800,4XMM J103515.6+393909,158.81524459541015,39.65264475174022,J103515.6+393909,53003.0,270.0,1432.0,2CXO J103515.6+393909,3319,2002-03-26,5.1
206931802010057,50,106931802010057,0693180201,63298,168.99277274096,1.44389170236,60263,4XMM J111558.2+012638,168.99312816322288,1.4439597402865858,J111558.3+012638,55656.0,320.0,4731.0,2CXO J111558.3+012638,3275,2003-01-23,15.9
201451902010030,54,107295613010059,0729561301,65227,229.0670685387,56.283990502765,42041,4XMM J151616.0+561701,229.0670223994407,56.283780157629536,J151616.0+561701,56453.0,504.0,6796.0,2CXO J151616.0+561701,20830,2017-11-07,51.3
207818303010028,32,107818303010028,0781830301,67122,164.78768664242,7.8143489544745,50100,4XMM J105909.0+074851,164.78727909316797,7.814896793866634,J105908.9+074853,52646.0,566.0,1002.0,2CXO J105908.9+074853,22500,2020-02-28,19.8
205026901010027,30,105512802010031,0551280201,60719,178.70828205825,23.323406324224,60428,4XMM J115449.9+231924,178.70825494520932,23.32339794661052,J115449.9+231924,56330.0,288.0,6404.0,2CXO J115449.9+231924,537,2000-06-23,9.6
201128305015080,78,101128305015080,0112830501,55852,182.54446551663,39.383333833691,19700,4XMM J121010.6+392300,182.54444854398932,39.38366180984765,J121010.6+392301,56366.0,454.0,6632.0,2CXO J121010.6+392301,348,2000-03-07,27.7
201109302010047,52,108027108010052,0802710801,68914,150.24833296279,55.861490943654,22763,4XMM J100059.4+555139,150.24787934990104,55.86116342175639,J100059.4+555140,56624.0,522.0,7084.0,2CXO J100059.4+555140,362,2000-04-16,47.7
201090701010028,37,108650110010037,0865011001,71119,158.81573382973,39.652619765329,85141,4XMM J103515.6+393909,158.81524459541015,39.65264475174022,J103515.6+393909,53003.0,270.0,1432.0,2CXO J103515.6+393909,3319,2002-03-26,5.1
206946510010093,93,106946510010093,0694651001,65148,167.1679318073,34.09730676938,20541,4XMM J110840.3+340550,167.16715938953166,34.09790652817455,J110840.1+340552,53466.0,132.0,2034.0,2CXO J110840.1+340552,21503,2018-11-17,9.6
201125217010049,53,108244508010053,0824450801,69005,187.04709462747,44.220270173361,83763,4XMM J122811.3+441313,187.0469592445205,44.22032599358055,J122811.2+441313,56367.0,420.0,6636.0,2CXO J122811.2+441313,938,2000-10-04,5.6
201451902010030,29,101451901010029,0145190101,56633,229.06758984766,56.283975653579,50296,4XMM J151616.0+561701,229.0670223994407,56.283780157629536,J151616.0+561701,56453.0,504.0,6796.0,2CXO J151616.0+561701,20830,2017-11-07,51.3
207845213010081,39,107845214010039,0784521401,68059,247.45017270769,40.040838582148,34851,4XMM J162948.1+400226,247.45017755049437,40.04002528109986,J162948.0+400224,56072.0,100.0,6045.0,2CXO J162948.0+400224,5618,2005-11-04,27.4
200813408010016,14,100813408010016,0081340801,54529,183.47844468186,2.7983135941272,19998,4XMM J121354.8+024753,183.4784141619083,2.797990779441992,J121354.8+024752,52024.0,633.0,517.0,2CXO J121354.8+024752,4110,2003-04-15,10.0
201086702010032,34,101086702010032,0108670201,55134,224.47193602712,22.406438054309,37342,4XMM J145753.2+222423,224.4719586391011,22.406291676950843,J145753.2+222422,54510.0,429.0,2150.0,2CXO J145753.2+222422,7709,2007-03-23,7.1
206936625010051,53,106936625010051,0693662501,63363,137.73279306006,17.705259096826,29745,4XMM J091055.8+174218,137.7323499391823,17.70537839931458,J091055.7+174218,55987.0,718.0,5301.0,2CXO J091055.7+174218,3587,2003-02-23,17.9
205508501015103,100,105508501015103,0550850101,60655,120.54764213251,0.82850781683468,41034,4XMM J080211.4+004942,120.54669496762811,0.8285094131148335,J080211.2+004942,55892.0,706.0,4745.0,2CXO J080211.2+004942,10127,2009-09-14,36.8
204022503010012,13,104022503010012,0402250301,59102,197.98153261608,22.016811334774,12141,4XMM J131155.5+220100,197.98167294693636,22.01656826069616,J131155.5+220059,56066.0,122.0,5992.0,2CXO J131155.5+220059,7898,2007-03-08,10.9
201125503010036,39,101125503010036,0112550301,55750,189.05917484017,25.839693033363,10007,4XMM J123614.2+255022,189.0597070437194,25.839391036482457,J123614.3+255022,54498.0,580.0,2659.0,2CXO J123614.3+255022,404,2000-06-30,2.8
204008501010013,14,105541801010014,0554180101,60924,136.20461009065,34.098743050036,58718,4XMM J090449.1+340555,136.20452890087552,34.09877825167918,J090449.0+340555,56354.0,935.0,5812.0,2CXO J090449.0+340555,15192,2014-01-06,90.5
202024601010037,37,102024601010037,0202460101,57609,205.86572221734,0.00231147198049808,33535,4XMM J134327.7+000008,205.8659495786137,0.0023460664121431,J134327.8+000008,55630.0,773.0,4043.0,2CXO J134327.8+000008,2249,2001-01-08,9.8
201042601010066,65,101042601010066,0104260101,55017,210.39366741283,54.341966002899,40500,4XMM J140134.4+542031,210.3949824773056,54.342245436772096,J140134.7+542032,52797.0,45.0,1323.0,2CXO J140134.7+542032,4733,2004-05-07,24.8
203002106010008,5,103002106010008,0300210601,58116,356.19308100034,9.0940084676476,28141,4XMM J234446.3+090538,356.1931274408752,9.09396200676222,J234446.3+090538,56190.0,740.0,6160.0,2CXO J234446.3+090538,4941,2004-05-17,16.1
205026901010027,35,105512801010034,0551280101,60718,178.70808192921,23.32347045664,64425,4XMM J115449.9+231924,178.70825494520932,23.32339794661052,J115449.9+231924,56330.0,288.0,6404.0,2CXO J115449.9+231924,537,2000-06-23,9.6
201454801010065,63,101454801010065,0145480101,56646,213.9117566449,-0.48026014077905,21696,4XMM J141539.0-002847,213.91265298682185,-0.4804919146188769,J141539.0-002849,55635.0,2.0,4034.0,2CXO J141539.0-002849,12904,2011-03-12,32.9
201476301015036,40,101476301015036,0147630101,56735,160.47478454483,39.995631302989,26462,4XMM J104153.9+395944,160.47408547385612,39.99630076741045,J104153.7+395946,55620.0,118.0,4633.0,2CXO J104153.7+395946,1652,2001-02-04,26.8
204044102010001,9,107474001510009,0747400151,66160,18.842151093103,0.25513835941973,5247,4XMM J011522.2+001518,18.84246855558638,0.2551929880827085,J011522.1+001518,52202.0,497.0,695.0,2CXO J011522.1+001518,3204,2002-11-01,37.6
204049672010015,13,108212505010013,0821250501,69612,33.550968320297,-4.3939726764179,120058,4XMM J021412.2-042338,33.55080582304748,-4.39427061947865,J021412.1-042339,56662.0,723.0,7237.0,2CXO J021412.1-042339,20536,2017-09-24,9.9
204008501010013,13,104008501010013,0400850101,58966,136.20494532059,34.098997490873,30176,4XMM J090449.1+340555,136.20452890087552,34.09877825167918,J090449.0+340555,56354.0,935.0,5812.0,2CXO J090449.0+340555,15192,2014-01-06,90.5
201112702015016,15,105517805015010,0551780501,60757,227.66194908622,5.8922328608686,29338,4XMM J151038.8+055331,227.66187996851968,5.892436472743274,J151038.8+055332,55710.0,408.0,4878.0,2CXO J151038.8+055332,891,2000-04-12,19.8
200960201010003,13,101091413010014,0109141301,55178,184.52973710173,29.936521784042,128563,4XMM J121807.1+295611,184.5297869584357,29.9365062085182,J121807.1+295611,53827.0,228.0,2232.0,2CXO J121807.1+295611,849,2000-05-26,10.0
207407701015076,79,107407701015076,0740770101,65653,234.42706066818,11.974929820682,109252,4XMM J153742.4+115829,234.426369237156,11.97529362312284,J153742.3+115831,54240.0,638.0,2754.0,2CXO J153742.3+115831,5591,2005-04-10,35.6
201573601010066,24,103059006010022,0305900601,58743,197.25625392646,21.379237666834,14937,4XMM J130901.4+212243,197.2561808231883,21.378693930066778,J130901.4+212243,56066.0,246.0,5992.0,2CXO J130901.4+212243,2790,2002-05-21,19.2
201451902010030,30,101451902010030,0145190201,56634,229.06665600639,56.283502972589,41755,4XMM J151616.0+561701,229.0670223994407,56.283780157629536,J151616.0+561701,56453.0,504.0,6796.0,2CXO J151616.0+561701,20830,2017-11-07,51.3
200731403010015,12,100731402010012,0073140201,54503,241.24044657639,32.882048499476,29318,4XMM J160457.7+325254,241.2404088810074,32.88153257650129,J160457.6+325253,55719.0,723.0,4961.0,2CXO J160457.6+325253,2791,2002-01-07,20.4
201095201010003,20,107851020010018,0785102001,67247,35.741389023702,-4.3113641957038,19041,4XMM J022257.9-041840,35.74153050987752,-4.311349189918651,J022257.9-041840,55534.0,367.0,4387.0,2CXO J022257.9-041840,18258,2016-09-26,9.9
202019401010071,88,102019401010071,0201940101,57554,169.91539924512,21.372733520897,106925,4XMM J111939.6+212220,169.91618765118096,21.37253076629949,J111939.8+212221,56274.0,23.0,6429.0,2CXO J111939.8+212221,5790,2005-03-25,52.3
201095201010003,11,107935813010013,0793581301,67614,35.742306058161,-4.3115375828779,6040,4XMM J022257.9-041840,35.74153050987752,-4.311349189918651,J022257.9-041840,55534.0,367.0,4387.0,2CXO J022257.9-041840,18258,2016-09-26,9.9
209047202010071,71,109047202010071,0904720201,72812,138.44710510934,29.932155603566,23762,4XMM J091347.3+295555,138.44727744273774,29.931938232829463,J091347.3+295554,56304.0,616.0,5804.0,2CXO J091347.3+295554,5789,2005-01-13,17.9
203063706010002,2,103063706010002,0306370601,58788,152.95726645298,46.483590539239,35055,4XMM J101149.7+462900,152.9573333047839,46.48365838360258,J101149.7+462901,52376.0,521.0,943.0,2CXO J101149.7+462901,21395,2019-02-20,17.8
201090701010028,38,108650115010038,0865011501,71491,158.8151524856,39.652100101726,91140,4XMM J103515.6+393909,158.81524459541015,39.65264475174022,J103515.6+393909,53003.0,270.0,1432.0,2CXO J103515.6+393909,3319,2002-03-26,5.1
200823401010058,46,102035602010046,0203560201,57763,169.39372585023,7.8017052710242,80034,4XMM J111734.5+074805,169.39415040313747,7.801720826171559,J111734.5+074806,56272.0,438.0,5369.0,2CXO J111734.5+074806,363,2000-06-02,26.5
209016303010004,4,109016303010004,0901630301,72358,180.69642139722,57.763955381764,4762,4XMM J120247.1+574550,180.6967044779842,57.76407251851134,J120247.2+574550,56658.0,37.0,7091.0,2CXO J120247.2+574550,5757,2005-09-02,59.0
201451902010030,122,108040904010122,0804090401,68262,229.06777821941,56.284231894466,36043,4XMM J151616.0+561701,229.0670223994407,56.283780157629536,J151616.0+561701,56453.0,504.0,6796.0,2CXO J151616.0+561701,20830,2017-11-07,51.3
200842305010008,7,100842305010008,0084230501,54588,41.910906169473,-3.6126471085225,29999,4XMM J024738.6-033645,41.91091105904479,-3.612475504191542,J024738.6-033645,56564.0,901.0,7053.0,2CXO J024738.6-033645,524,2000-09-08,10.0
201088605010022,24,101088605010022,0108860501,55139,124.90760741306,21.114480323896,18998,4XMM J081937.8+210652,124.9072999888624,21.114451925467627,J081937.7+210652,53321.0,261.0,1927.0,2CXO J081937.7+210652,7929,2007-09-20,28.3
201109302010047,56,108027109010056,0802710901,68924,150.24856285188,55.861294079737,19162,4XMM J100059.4+555139,150.24787934990104,55.86116342175639,J100059.4+555140,56624.0,522.0,7084.0,2CXO J100059.4+555140,362,2000-04-16,47.7
201125217010043,16,108910202010016,0891020201,72296,187.16263144836,44.03041118532,38062,4XMM J122839.0+440149,187.1628053080542,44.03059594409195,J122839.0+440150,56367.0,414.0,6636.0,2CXO J122839.0+440150,2031,2001-02-04,26.6
208244502010093,46,108910203010046,0891020301,72350,187.6086447423,41.715400453368,39762,4XMM J123026.0+414256,187.60892611189104,41.71603367524552,J123026.0+414257,53112.0,57.0,1452.0,2CXO J123026.0+414257,4726,2004-11-20,39.6
201451902010030,73,108040905010073,0804090501,68268,229.06651845442,56.283422019078,40042,4XMM J151616.0+561701,229.0670223994407,56.283780157629536,J151616.0+561701,56453.0,504.0,6796.0,2CXO J151616.0+561701,20830,2017-11-07,51.3
201095201010003,16,107851019010015,0785101901,67249,35.741499756657,-4.3111027961914,19041,4XMM J022257.9-041840,35.74153050987752,-4.311349189918651,J022257.9-041840,55534.0,367.0,4387.0,2CXO J022257.9-041840,18258,2016-09-26,9.9
200597523015020,17,100597524010016,0059752401,54409,242.49737618505,54.076780614504,20071,4XMM J160959.2+540437,242.4965983546083,54.07715815689846,J160959.1+540437,56810.0,446.0,7563.0,2CXO J160959.1+540437,5863,2006-02-03,4.9
201112901010009,9,108414810010009,0841481001,70309,147.79567418428,39.290398732595,43762,4XMM J095110.9+391726,147.79567979148044,39.29066606786613,J095110.9+391726,55945.0,242.0,4636.0,2CXO J095110.9+391726,2117,2001-03-26,2.6
207626303010010,10,107626303010010,0762630301,66729,184.58070713547,29.253394201273,20061,4XMM J121819.3+291512,184.58033129386035,29.253657247196717,J121819.2+291513,53827.0,290.0,2232.0,2CXO J121819.2+291513,4772,2004-04-07,4.3
200131401010032,2,105541702010002,0554170201,60923,213.20676169544,-3.1224380621312,90472,4XMM J141249.6-030720,213.2070914558974,-3.122107893524904,J141249.7-030719,52378.0,84.0,916.0,2CXO J141249.7-030719,358,2000-08-14,8.8
201279204010038,34,101279212010034,0127921201,56230,214.1825808442,52.371904600632,14910,4XMM J141644.0+522218,214.18318807415065,52.37203967448506,J141643.9+522219,56415.0,829.0,6742.0,2CXO J141643.9+522219,3305,2002-08-11,29.4
201451902010030,31,108842202010031,0884220201,71276,229.06718931393,56.284292120968,65073,4XMM J151616.0+561701,229.0670223994407,56.283780157629536,J151616.0+561701,56453.0,504.0,6796.0,2CXO J151616.0+561701,20830,2017-11-07,51.3
200731403010015,11,107644605010011,0764460501,66818,241.2402495028,32.881567843744,59941,4XMM J160457.7+325254,241.2404088810074,32.88153257650129,J160457.6+325253,55719.0,723.0,4961.0,2CXO J160457.6+325253,2791,2002-01-07,20.4
202033607010121,112,102033607010121,0203360701,57697,150.49038133064,2.6350220178677,32637,4XMM J100157.7+023804,150.49064254989906,2.63462829760258,J100157.7+023804,55630.0,940.0,4737.0,2CXO J100157.7+023804,15207,2012-11-25,14.9
201090701010028,31,105064401010029,0506440101,60453,158.81523389202,39.652510381011,91393,4XMM J103515.6+393909,158.81524459541015,39.65264475174022,J103515.6+393909,53003.0,270.0,1432.0,2CXO J103515.6+393909,3319,2002-03-26,5.1
201095201010003,3,101095201010003,0109520101,55259,35.741473414217,-4.3113607344991,21990,4XMM J022257.9-041840,35.74153050987752,-4.311349189918651,J022257.9-041840,55534.0,367.0,4387.0,2CXO J022257.9-041840,18258,2016-09-26,9.9
201109302010047,31,108027102010031,0802710201,68529,150.24810844851,55.861548043041,19441,4XMM J100059.4+555139,150.24787934990104,55.86116342175639,J100059.4+555140,56624.0,522.0,7084.0,2CXO J100059.4+555140,362,2000-04-16,47.7
201109302010047,46,108027107010046,0802710701,68586,150.24877023581,55.861656474615,19441,4XMM J100059.4+555139,150.24787934990104,55.86116342175639,J100059.4+555140,56624.0,522.0,7084.0,2CXO J100059.4+555140,362,2000-04-16,47.7
201090701010028,16,108650117010016,0865011701,71503,158.81549488586,39.652331018981,92139,4XMM J103515.6+393909,158.81524459541015,39.65264475174022,J103515.6+393909,53003.0,270.0,1432.0,2CXO J103515.6+393909,3319,2002-03-26,5.1
200813408010009,9,100813408010009,0081340801,54529,183.59455822582,2.9633955797151,19998,4XMM J121422.6+025748,183.5949791171109,2.963587976701298,J121422.8+025749,55633.0,165.0,4749.0,2CXO J121422.8+025749,4110,2003-04-15,10.0
208851001010007,7,108851001010007,0885100101,71590,207.59911430375,40.261541005624,53464,4XMM J135023.7+401541,207.59899926341257,40.26216955982387,J135023.7+401543,53050.0,73.0,1377.0,2CXO J135023.7+401543,20773,2018-08-17,15.0
200131401010032,13,102018303010010,0201830301,57504,213.20676957498,-3.1225508472575,19970,4XMM J141249.6-030720,213.2070914558974,-3.122107893524904,J141249.7-030719,52378.0,84.0,916.0,2CXO J141249.7-030719,358,2000-08-14,8.8
201090701010028,15,106754403015009,0675440301,62844,158.81510453973,39.652716401285,32219,4XMM J103515.6+393909,158.81524459541015,39.65264475174022,J103515.6+393909,53003.0,270.0,1432.0,2CXO J103515.6+393909,3319,2002-03-26,5.1
206524006015060,65,106524006015060,0652400601,62022,37.197764709503,0.72204439300664,43870,4XMM J022847.4+004319,37.197652358513096,0.7223914788516772,J022847.4+004320,52200.0,426.0,705.0,2CXO J022847.4+004320,8621,2007-11-29,9.1
202033612010051,71,103023516010071,0302351601,58378,150.06217021821,2.6600826921608,55478,4XMM J100014.9+023933,150.06206778176858,2.6594633710974813,J100014.8+023934,55630.0,808.0,4737.0,2CXO J100014.8+023934,7997,2006-12-30,45.4
202033601010045,45,102033601010045,0203360101,57691,150.81695854943,2.667552010834,29036,4XMM J100316.1+024003,150.81722978815804,2.667517436418747,J100316.1+024002,55650.0,509.0,4738.0,2CXO J100316.1+024002,15233,2013-05-21,46.5
202033608010075,66,102033608010075,0203360801,57698,150.42515810017,2.0664196087851,34793,4XMM J100141.9+020357,150.4248867555845,2.06614075852984,J100141.9+020358,52235.0,231.0,501.0,2CXO J100141.9+020358,8005,2007-04-25,31.6
201095203010083,76,101095203010083,0109520301,55261,36.383119642693,-4.7289529992288,17993,4XMM J022531.9-044344,36.382832423763546,-4.729467559953076,J022531.8-044345,56605.0,35.0,7236.0,2CXO J022531.8-044345,6864,2006-11-12,29.7
201451902010030,63,107248102010065,0724810201,64764,229.06762502132,56.28354040347,34041,4XMM J151616.0+561701,229.0670223994407,56.283780157629536,J151616.0+561701,56453.0,504.0,6796.0,2CXO J151616.0+561701,20830,2017-11-07,51.3
200928001010015,18,100928002010018,0092800201,54703,127.91286920774,52.701592266375,100101,4XMM J083139.0+524205,127.9129610476968,52.70150226506805,J083139.1+524205,51883.0,191.0,444.0,2CXO J083139.1+524205,1643,2000-10-11,9.1
203059003010035,10,104028503010010,0402850301,59163,197.21843607303,21.471848505308,5171,4XMM J130852.2+212818,197.2178347046571,21.47195866496753,J130852.2+212819,56066.0,251.0,5992.0,2CXO J130852.2+212819,731,2000-06-24,9.5
201112702010023,1,107444110010001,0744411001,66303,227.52162229501,5.6346389002787,44746,4XMM J151005.1+053804,227.5214467817216,5.634910314141979,J151005.1+053805,55652.0,766.0,4776.0,2CXO J151005.1+053805,10436,2009-04-01,4.7
201635601010016,41,103059006010037,0305900601,58743,197.2007696736,21.537919105183,14937,4XMM J130848.1+213218,197.2009218874075,21.538576888709525,J130848.2+213218,56047.0,542.0,5864.0,2CXO J130848.2+213218,2790,2002-05-21,19.2
200960201010003,8,103040307015007,0304030701,58570,184.52995006382,29.936845470699,34570,4XMM J121807.1+295611,184.5297869584357,29.9365062085182,J121807.1+295611,53827.0,228.0,2232.0,2CXO J121807.1+295611,849,2000-05-26,10.0
201475112010065,57,101475113010060,0147511301,56722,163.74631914104,57.648713088096,83740,4XMM J105458.9+573856,163.745977772576,57.64882814060254,J105459.0+573855,56666.0,492.0,7102.0,2CXO J105459.0+573855,1683,2001-07-05,4.7
206050009015004,5,106738509010005,0673850901,62714,137.45256357685,10.942654328013,14745,4XMM J090948.6+105633,137.45255062424735,10.94286541896549,J090948.6+105634,53050.0,431.0,1739.0,2CXO J090948.6+105634,924,2000-10-02,29.8
201090701010028,20,108650118010020,0865011801,71530,158.81537669721,39.652566486401,92142,4XMM J103515.6+393909,158.81524459541015,39.65264475174022,J103515.6+393909,53003.0,270.0,1432.0,2CXO J103515.6+393909,3319,2002-03-26,5.1
201457501010029,29,101457501010029,0145750101,56657,170.80338210361,1.7072582353516,38098,4XMM J112312.8+014226,170.8028838419899,1.706511688520587,J112312.7+014223,55630.0,480.0,4730.0,2CXO J112312.7+014223,819,2000-04-07,2.6
206534507010002,2,108429501010002,0842950101,70673,174.19129542614,7.1133078504769,40761,4XMM J113645.9+070647,174.1909861569818,7.113193445972505,J113645.8+070647,53084.0,159.0,1619.0,2CXO J113645.8+070647,10756,2009-02-09,5.0
206733101015018,12,108218003010012,0821800301,69548,186.13988956809,12.814351039504,131333,4XMM J122433.5+124851,186.13973781231755,12.814245470158646,J122433.5+124851,55956.0,824.0,5399.0,2CXO J122433.5+124851,803,2000-05-19,28.5
201445701010002,2,101445701010002,0144570101,56623,206.90163966294,17.567957923729,64394,4XMM J134736.4+173404,206.90166743381383,17.56793972168584,J134736.4+173404,54233.0,442.0,2742.0,2CXO J134736.4+173404,10561,2008-11-29,2.0
200131401010032,10,102018302015009,0201830201,63723,213.20682254763,-3.122407181512,21170,4XMM J141249.6-030720,213.2070914558974,-3.122107893524904,J141249.7-030719,52378.0,84.0,916.0,2CXO J141249.7-030719,358,2000-08-14,8.8
200928001010015,18,100928001010015,0092800101,54702,127.91248565949,52.701640482273,14298,4XMM J083139.0+524205,127.9129610476968,52.70150226506805,J083139.1+524205,51883.0,191.0,444.0,2CXO J083139.1+524205,1643,2000-10-11,9.1
202033623010064,69,102033623010064,0203362301,57713,149.44184023885,2.2877220648179,29041,4XMM J095746.0+021715,149.4414727654491,2.2875198301592765,J095745.9+021714,55630.0,354.0,4737.0,2CXO J095745.9+021714,8015,2007-01-07,45.5
204044102010001,8,107474001440009,0747400144,66153,18.842787382072,0.25527996776642,5247,4XMM J011522.2+001518,18.84246855558638,0.2551929880827085,J011522.1+001518,52202.0,497.0,695.0,2CXO J011522.1+001518,3204,2002-11-01,37.6
201090701010028,29,108650114010029,0865011401,71480,158.8155977598,39.652271288883,87139,4XMM J103515.6+393909,158.81524459541015,39.65264475174022,J103515.6+393909,53003.0,270.0,1432.0,2CXO J103515.6+393909,3319,2002-03-26,5.1
202033607010121,41,102033601010042,0203360101,57691,150.49031443043,2.6345642115172,29036,4XMM J100157.7+023804,150.49064254989906,2.63462829760258,J100157.7+023804,55630.0,940.0,4737.0,2CXO J100157.7+023804,15207,2012-11-25,14.9
200943101010039,37,100943101010039,0094310101,54777,334.34881654247,0.28107972085946,6228,4XMM J221723.7+001651,334.3487153314222,0.2811667310780426,J221723.6+001652,55499.0,980.0,4200.0,2CXO J221723.6+001652,1694,2001-07-10,77.9
201530301010010,11,101530301010010,0153030101,57038,10.363616092097,25.43814285338,14037,4XMM J004127.2+252617,10.36353152113344,25.437905755052068,J004127.2+252616,56301.0,462.0,6286.0,2CXO J004127.2+252616,7608,2007-07-11,3.0
201058601010025,21,101058601010025,0105860101,55077,200.29183161123,33.064993845091,29998,4XMM J132110.0+330353,200.2915287466407,33.06472563613379,J132109.9+330353,55331.0,1.0,3980.0,2CXO J132109.9+330353,2231,2001-08-04,11.0
200517602010020,21,100517602010020,0051760201,54358,211.5291607785,22.559477568633,18259,4XMM J140606.9+223333,211.5288485356588,22.55928517078354,J140606.9+223333,56066.0,392.0,6007.0,2CXO J140606.9+223333,3328,2002-08-05,5.0
201112702015016,15,107444109010016,0744410901,65636,227.66182615646,5.8919305314056,25743,4XMM J151038.8+055331,227.66187996851968,5.892436472743274,J151038.8+055332,55710.0,408.0,4878.0,2CXO J151038.8+055332,891,2000-04-12,19.8
205026901010027,30,105026902015031,0502690201,60037,178.70846106459,23.323486333324,75339,4XMM J115449.9+231924,178.70825494520932,23.32339794661052,J115449.9+231924,56330.0,288.0,6404.0,2CXO J115449.9+231924,537,2000-06-23,9.6
203032602010043,43,103032602010043,0303260201,58495,158.30275940718,57.700906806124,96006,4XMM J103312.6+574203,158.30292702725785,57.70087782139418,J103312.7+574203,56657.0,697.0,7088.0,2CXO J103312.7+574203,1698,2001-05-17,73.0
206558001010003,4,106558005010004,0655800501,62274,181.94223427954,43.126322819057,15173,4XMM J120746.1+430735,181.94214696554843,43.12687078851487,J120746.1+430736,53120.0,353.0,1450.0,2CXO J120746.1+430736,1578,2001-04-03,14.3
207845213010081,81,107845213010081,0784521301,68055,247.45082384409,40.04022802052,27039,4XMM J162948.1+400226,247.45017755049437,40.04002528109986,J162948.0+400224,56072.0,100.0,6045.0,2CXO J162948.0+400224,5618,2005-11-04,27.4
205505401010086,81,105505401010086,0550540101,60633,187.19652000966,13.89092872061,82831,4XMM J122847.1+135327,187.1967721914209,13.891197171050676,J122847.2+135328,53442.0,288.0,1768.0,2CXO J122847.2+135328,2927,2002-06-02,9.8
201112702010023,26,101112702010023,0111270201,55481,227.52141793567,5.6352155635304,19338,4XMM J151005.1+053804,227.5214467817216,5.634910314141979,J151005.1+053805,55652.0,766.0,4776.0,2CXO J151005.1+053805,10436,2009-04-01,4.7
201475101010017,21,101475108010022,0147510801,56717,162.69160641684,57.29246290412,75948,4XMM J105045.9+571732,162.69202962173802,57.29229990189818,J105046.1+571732,56660.0,749.0,7094.0,2CXO J105046.1+571732,1677,2001-07-05,4.7
205006702010040,44,105006703010046,0500670301,59826,260.16285876439,26.563400210641,22537,4XMM J172039.0+263348,260.16295364908115,26.56362993327616,J172039.1+263348,55709.0,750.0,5016.0,2CXO J172039.1+263348,3224,2002-10-03,23.8
201451902010030,53,106739203010061,0673920301,62727,229.06807932758,56.283987830464,17041,4XMM J151616.0+561701,229.0670223994407,56.283780157629536,J151616.0+561701,56453.0,504.0,6796.0,2CXO J151616.0+561701,20830,2017-11-07,51.3
201112702015016,15,101112702015016,0111270201,55481,227.66180606799,5.8922257189016,19338,4XMM J151038.8+055331,227.66187996851968,5.892436472743274,J151038.8+055332,55710.0,408.0,4878.0,2CXO J151038.8+055332,891,2000-04-12,19.8
209047201010068,68,109047201010068,0904720101,72579,123.49358307862,54.451568815379,20863,4XMM J081358.4+542705,123.49418175588352,54.45082761935016,J081358.6+542703,55563.0,762.0,4529.0,2CXO J081358.6+542703,10313,2008-12-31,30.6
201475101010006,51,101475116010049,0147511601,56723,162.70077752177,57.422666237012,124111,4XMM J105048.2+572521,162.7006323779692,57.42259322006356,J105048.1+572521,56625.0,162.0,7095.0,2CXO J105048.1+572521,1674,2001-07-05,4.7
208273305010008,8,108273305010008,0827330501,70356,187.46810582789,11.677365563484,31867,4XMM J122952.3+114038,187.46800160071007,11.677433306180394,J122952.3+114038,53166.0,170.0,1615.0,2CXO J122952.3+114038,10241,2009-02-22,29.4
201487405010007,7,101487405010007,0148740501,56800,189.89262017932,47.537313090508,15946,4XMM J123934.2+473214,189.8928924522056,47.53749684612048,J123934.2+473214,53084.0,36.0,1453.0,2CXO J123934.2+473214,3073,2002-05-02,4.7
200131401010032,2,105541701010002,0554170101,60922,213.20671814603,-3.1220761703229,88472,4XMM J141249.6-030720,213.2070914558974,-3.122107893524904,J141249.7-030719,52378.0,84.0,916.0,2CXO J141249.7-030719,358,2000-08-14,8.8
201451902010030,41,109130801010041,0913080101,72751,229.06663520756,56.284058144663,78902,4XMM J151616.0+561701,229.0670223994407,56.283780157629536,J151616.0+561701,56453.0,504.0,6796.0,2CXO J151616.0+561701,20830,2017-11-07,51.3
201451902010030,31,108243206010031,0824320601,70824,229.06671663844,56.283596944558,61563,4XMM J151616.0+561701,229.0670223994407,56.283780157629536,J151616.0+561701,56453.0,504.0,6796.0,2CXO J151616.0+561701,20830,2017-11-07,51.3
202033621010102,120,102033621010102,0203362101,57711,149.64213992679,2.7254983876244,60737,4XMM J095834.1+024331,149.64263050185082,2.725658391021422,J095834.2+024332,55630.0,696.0,4737.0,2CXO J095834.2+024332,7999,2006-11-25,29.6
206503822010019,15,106503822010019,0650382201,61751,175.5047458535,58.362113245956,6034,4XMM J114201.1+582143,175.50555034429215,58.36184577724519,J114201.2+582142,56666.0,102.0,7099.0,2CXO J114201.2+582142,15136,2013-06-28,32.6
201475101010006,6,101475101010006,0147510101,56716,162.70090405283,57.422645906998,91659,4XMM J105048.2+572521,162.7006323779692,57.42259322006356,J105048.1+572521,56625.0,162.0,7095.0,2CXO J105048.1+572521,1674,2001-07-05,4.7
201451902010030,41,108243203010041,0824320301,69907,229.06646770482,56.283753258648,49103,4XMM J151616.0+561701,229.0670223994407,56.283780157629536,J151616.0+561701,56453.0,504.0,6796.0,2CXO J151616.0+561701,20830,2017-11-07,51.3
200930302010113,112,100930302010113,0093030201,54723,322.48094597887,0.13333179981993,55291,4XMM J212955.4+000759,322.48087761401644,0.1337554973155317,J212955.3+000801,52945.0,151.0,1521.0,2CXO J212955.3+000801,552,2000-10-21,10.0
200597523015020,23,100597523015020,0059752301,54408,242.49647421164,54.077357077852,14229,4XMM J160959.2+540437,242.4965983546083,54.07715815689846,J160959.1+540437,56810.0,446.0,7563.0,2CXO J160959.1+540437,5863,2006-02-03,4.9
200813408010016,21,108039104010021,0803910401,68652,183.47874543411,2.7981810585976,114941,4XMM J121354.8+024753,183.4784141619083,2.797990779441992,J121354.8+024752,52024.0,633.0,517.0,2CXO J121354.8+024752,4110,2003-04-15,10.0
205562106010031,11,108270111010011,0827011101,69051,187.7552106697,10.48387326181,30468,4XMM J123101.2+102901,187.75557882624005,10.483065220310015,J123101.3+102859,52731.0,486.0,1232.0,2CXO J123101.3+102859,12254,2010-11-20,13.9
201115502015138,81,101115503010081,0111550301,55560,189.31135830603,62.084833919345,45523,4XMM J123714.3+620503,189.3097184217619,62.08449501009272,J123714.3+620504,56686.0,80.0,7118.0,2CXO J123714.3+620504,1671,2000-11-21,167.2
201454801010065,7,107628705010008,0762870501,66814,213.91292010187,-0.4798940212712,16747,4XMM J141539.0-002847,213.91265298682185,-0.4804919146188769,J141539.0-002849,55635.0,2.0,4034.0,2CXO J141539.0-002849,12904,2011-03-12,32.9
206524012010028,29,106524012010028,0652401201,62028,352.6235414624,0.0917023144561559,29835,4XMM J233029.6+000530,352.62400350999906,0.0917580754664007,J233029.7+000530,55447.0,577.0,4212.0,2CXO J233029.7+000530,8614,2008-08-06,8.8
202033604010063,22,102033605010023,0203360501,57695,150.58577604687,1.7706919069566,29037,4XMM J100220.5+014614,150.5860753559898,1.7706469048456182,J100220.6+014614,55630.0,93.0,4737.0,2CXO J100220.6+014614,8010,2007-04-27,33.6
204022502010029,30,104022502010029,0402250201,59101,225.54140751387,42.292594777479,23041,4XMM J150209.9+421733,225.54125037442495,42.292862614910725,J150209.8+421734,56089.0,600.0,6054.0,2CXO J150209.8+421734,7899,2007-09-26,13.0
200960201010003,3,100960201010003,0096020101,54845,184.52977564422,29.936448747276,38969,4XMM J121807.1+295611,184.5297869584357,29.9365062085182,J121807.1+295611,53827.0,228.0,2232.0,2CXO J121807.1+295611,849,2000-05-26,10.0
206733101015018,12,108218001010012,0821800101,69511,186.13990975808,12.814173524545,130200,4XMM J122433.5+124851,186.13973781231755,12.814245470158646,J122433.5+124851,55956.0,824.0,5399.0,2CXO J122433.5+124851,803,2000-05-19,28.5
201573601010066,62,101573601010066,0157360101,57155,197.25533852355,21.378446310808,27048,4XMM J130901.4+212243,197.2561808231883,21.378693930066778,J130901.4+212243,56066.0,246.0,5992.0,2CXO J130901.4+212243,2790,2002-05-21,19.2
201086701010031,34,106055403010033,0605540301,61583,156.02826163025,4.2754196178695,60738,4XMM J102406.8+041631,156.02859257398563,4.275559673155288,J102406.8+041632,52319.0,499.0,575.0,2CXO J102406.8+041632,909,2000-05-10,46.0
206738502010015,14,106738502010015,0673850201,62712,113.20021373188,31.595156265738,15745,4XMM J073248.0+313543,113.19982282302658,31.59554161507472,J073247.9+313543,55538.0,255.0,4444.0,2CXO J073247.9+313543,530,2000-09-05,10.0
200842307010018,21,100842307010018,0084230701,54590,154.37669656615,39.071665739142,22499,4XMM J101730.4+390417,154.3765234112674,39.07159914528026,J101730.3+390417,55617.0,669.0,4563.0,2CXO J101730.3+390417,903,2000-10-11,36.3
201475112010065,27,106060302010024,0606030201,61624,163.74524630181,57.649508542217,24343,4XMM J105458.9+573856,163.745977772576,57.64882814060254,J105459.0+573855,56666.0,492.0,7102.0,2CXO J105459.0+573855,1683,2001-07-05,4.7
209026301010020,20,109026301010020,0902630101,72303,137.39142617049,51.709672067194,55764,4XMM J090933.9+514234,137.3912011741122,51.71052157796798,J090933.9+514237,56598.0,370.0,5729.0,2CXO J090933.9+514237,5377,2005-02-10,2.9
201109801010003,3,101109801010003,0110980101,55390,170.04350338366,13.659518726572,50761,4XMM J112010.4+133934,170.04347284787116,13.659511766765624,J112010.4+133934,56003.0,515.0,5370.0,2CXO J112010.4+133934,2039,2000-12-02,58.0
200257402010017,17,100257402010017,0025740201,54183,201.25324123621,30.33218573796,36299,4XMM J132500.7+301955,201.2528403325853,30.332109390535724,J132500.6+301955,56329.0,814.0,6489.0,2CXO J132500.6+301955,9404,2008-03-14,30.4
202004309010001,1,105059304010001,0505930401,60392,210.21908264875,-1.7530817302239,21789,4XMM J140052.5-014511,210.21903271807355,-1.753091739363961,J140052.5-014511,52443.0,429.0,915.0,2CXO J140052.5-014511,9557,2008-03-10,49.4
201090701010028,7,106754401010005,0675440101,62842,158.81526705825,39.652889788382,36210,4XMM J103515.6+393909,158.81524459541015,39.65264475174022,J103515.6+393909,53003.0,270.0,1432.0,2CXO J103515.6+393909,3319,2002-03-26,5.1
201096610010133,127,101096610010133,0109661001,55274,203.59270505557,37.80120747845,85604,4XMM J133422.2+374804,203.59236029131372,37.80132141291022,J133422.1+374804,55333.0,69.0,3984.0,2CXO J133422.1+374804,2235,2001-06-08,30.0
201485605010115,112,101485605010115,0148560501,56782,157.6798667972,5.388709713703,86417,4XMM J103043.1+052319,157.67964259077212,5.388682060862841,J103043.1+052319,52325.0,526.0,576.0,2CXO J103043.1+052319,3357,2002-01-29,8.0
200943101010039,50,100943102010048,0094310201,54778,334.34880367524,0.28107505336207,79399,4XMM J221723.7+001651,334.3487153314222,0.2811667310780426,J221723.6+001652,55499.0,980.0,4200.0,2CXO J221723.6+001652,1694,2001-07-10,77.9
200930301010080,76,100930301010080,0093030101,54722,198.04181797829,-1.4042586566931,34799,4XMM J131210.0-012415,198.0415864069312,-1.4039361737743956,J131210.0-012413,55591.0,749.0,4053.0,2CXO J131210.0-012413,1663,2001-01-07,10.7
201082602010142,74,108218001010074,0821800101,69511,186.4416797116,12.883412904716,130200,4XMM J122546.0+125301,186.44233378931585,12.883613997070755,J122546.1+125301,53120.0,559.0,1614.0,2CXO J122546.1+125301,318,2000-04-07,14.6
200960201010003,14,103040305015013,0304030501,58568,184.52969925456,29.936385948456,95070,4XMM J121807.1+295611,184.5297869584357,29.9365062085182,J121807.1+295611,53827.0,228.0,2232.0,2CXO J121807.1+295611,849,2000-05-26,10.0
204049672010015,11,104049672010015,0404967201,59354,33.551338788027,-4.3936526981262,10051,4XMM J021412.2-042338,33.55080582304748,-4.39427061947865,J021412.1-042339,56662.0,723.0,7237.0,2CXO J021412.1-042339,20536,2017-09-24,9.9
205034902010015,18,105034902010015,0503490201,60111,340.84650912669,-9.5183682187439,128557,4XMM J224323.1-093106,340.8465602258218,-9.518316826661277,J224323.1-093105,52224.0,63.0,722.0,2CXO J224323.1-093105,3260,2002-12-23,20.5
206776701390002,5,107424302010005,0742430201,65211,31.492297109048,-6.220435166814,29250,4XMM J020558.1-061313,31.492178330531544,-6.220464501372674,J020558.1-061313,56660.0,271.0,7238.0,2CXO J020558.1-061313,16575,2015-06-24,5.0
202006301010012,12,108304201010012,0830420101,69755,134.92448118641,39.169997540678,59162,4XMM J085941.8+391011,134.92399453898753,39.16988027030593,J085941.7+391011,55973.0,742.0,4608.0,2CXO J085941.7+391011,6862,2006-01-26,14.9
209016303010032,32,109016303010032,0901630301,72358,180.72482315312,57.833510830894,4762,4XMM J120253.9+575000,180.72525951161677,57.833073345962575,J120254.1+574958,56658.0,1000.0,7091.0,2CXO J120254.1+574958,5757,2005-09-02,59.0
204050803010051,105,108851801010105,0885180101,71920,199.02198794915,42.046222677062,129709,4XMM J131605.2+420244,199.0217658120117,42.04577589347901,J131605.2+420244,56368.0,152.0,6620.0,2CXO J131605.2+420244,2197,2001-08-27,28.0
201454801010016,47,107628705010047,0762870501,66814,213.65602583036,-0.46723783249851,16747,4XMM J141437.3-002800,213.65608128931603,-0.4667476820660269,J141437.4-002800,55635.0,24.0,4034.0,2CXO J141437.4-002800,12908,2011-12-18,12.9
201445701010002,3,106711508010003,0671150801,62491,206.90203566942,17.567864418255,8682,4XMM J134736.4+173404,206.90166743381383,17.56793972168584,J134736.4+173404,54233.0,442.0,2742.0,2CXO J134736.4+173404,10561,2008-11-29,2.0
204008303010082,88,104008303010082,0400830301,58965,137.09158180976,39.694266352831,58042,4XMM J090821.9+394139,137.09198175886763,39.693902727244776,J090822.0+394138,55971.0,99.0,4605.0,2CXO J090822.0+394138,5625,2005-03-02,19.7
201405506010070,67,101405506010070,0140550601,56518,151.83179726554,12.854057332924,20338,4XMM J100719.6+125113,151.8320873696954,12.853741928461334,J100719.7+125113,56001.0,536.0,5333.0,2CXO J100719.7+125113,5606,2005-01-05,41.1
205007601010021,20,105007601010021,0500760101,59833,168.19470053204,13.400452877444,49964,4XMM J111246.7+132401,168.19464310839157,13.40038509522985,J111246.7+132401,53379.0,208.0,1752.0,2CXO J111246.7+132401,4216,2003-11-01,39.6
202033607010121,72,102033602010071,0203360201,57692,150.49051727566,2.6345115757321,30976,4XMM J100157.7+023804,150.49064254989906,2.63462829760258,J100157.7+023804,55630.0,940.0,4737.0,2CXO J100157.7+023804,15207,2012-11-25,14.9
204044102010001,1,104044102010001,0404410201,59271,18.842534630047,0.25512425772861,50016,4XMM J011522.2+001518,18.84246855558638,0.2551929880827085,J011522.1+001518,52202.0,497.0,695.0,2CXO J011522.1+001518,3204,2002-11-01,37.6
201109302010047,25,108027104010025,0802710401,68553,150.24814200176,55.861435962879,15764,4XMM J100059.4+555139,150.24787934990104,55.86116342175639,J100059.4+555140,56624.0,522.0,7084.0,2CXO J100059.4+555140,362,2000-04-16,47.7
202033608010075,40,102033609010040,0203360901,57699,150.42497421654,2.0658700991359,34048,4XMM J100141.9+020357,150.4248867555845,2.06614075852984,J100141.9+020358,52235.0,231.0,501.0,2CXO J100141.9+020358,8005,2007-04-25,31.6
201090701010028,19,108650101010019,0865010101,71106,158.81534720133,39.652583192659,88140,4XMM J103515.6+393909,158.81524459541015,39.65264475174022,J103515.6+393909,53003.0,270.0,1432.0,2CXO J103515.6+393909,3319,2002-03-26,5.1
200960201010003,21,103040303010021,0304030301,58566,184.52953994915,29.936470756018,98471,4XMM J121807.1+295611,184.5297869584357,29.9365062085182,J121807.1+295611,53827.0,228.0,2232.0,2CXO J121807.1+295611,849,2000-05-26,10.0
201451902010030,38,108243204010038,0824320401,69921,229.06659124894,56.283712383368,64463,4XMM J151616.0+561701,229.0670223994407,56.283780157629536,J151616.0+561701,56453.0,504.0,6796.0,2CXO J151616.0+561701,20830,2017-11-07,51.3
209046102010089,89,109046102010089,0904610201,72512,230.48604256094,7.8022097581355,44071,4XMM J152156.6+074807,230.48493431155907,7.8022918187932495,J152156.3+074807,55709.0,708.0,4889.0,2CXO J152156.3+074807,900,2000-04-03,57.3
206524013010026,26,106524013010026,0652401301,62029,353.31140735115,0.0196383549104739,33679,4XMM J233314.7+000109,353.3114990020482,0.0193696389667523,J233314.7+000109,51821.0,467.0,384.0,2CXO J233314.7+000109,8605,2008-08-05,8.8
201112702015016,30,105517803010019,0551780301,60755,227.66191737431,5.8917756090739,42639,4XMM J151038.8+055331,227.66187996851968,5.892436472743274,J151038.8+055332,55710.0,408.0,4878.0,2CXO J151038.8+055332,891,2000-04-12,19.8
208622603010065,65,108622603010065,0862260301,71487,141.87365004376,29.784260865811,84520,4XMM J092729.6+294703,141.87374243651794,29.784368377030276,J092729.7+294703,56272.0,734.0,5803.0,2CXO J092729.7+294703,10721,2009-02-23,26.7
208851001010149,149,108851001010149,0885100101,71590,207.85094982253,40.218701204029,53464,4XMM J135124.2+401307,207.85087657768952,40.21870737902645,J135124.2+401307,55707.0,747.0,4710.0,2CXO J135124.2+401307,20773,2018-08-17,15.0
201451902010030,56,108040907010056,0804090701,68275,229.0682379068,56.283734666427,40039,4XMM J151616.0+561701,229.0670223994407,56.283780157629536,J151616.0+561701,56453.0,504.0,6796.0,2CXO J151616.0+561701,20830,2017-11-07,51.3
206524003010035,30,106524003010035,0652400301,62019,252.24262070597,34.820911817028,35034,4XMM J164858.2+344915,252.24250619573127,34.820976182650384,J164858.1+344915,55831.0,862.0,5196.0,2CXO J164858.1+344915,8640,2007-11-27,8.6
202033604010063,37,103023505010039,0302350501,58367,150.5858383107,1.7705250302578,18038,4XMM J100220.5+014614,150.5860753559898,1.7706469048456182,J100220.6+014614,55630.0,93.0,4737.0,2CXO J100220.6+014614,8010,2007-04-27,33.6
200960201010003,9,107637904010010,0763790401,66207,184.52977571479,29.936506401237,26341,4XMM J121807.1+295611,184.5297869584357,29.9365062085182,J121807.1+295611,53827.0,228.0,2232.0,2CXO J121807.1+295611,849,2000-05-26,10.0
204049656010024,25,105539108010025,0553910801,60899,34.816987088662,-5.9571688478912,12057,4XMM J021916.0-055726,34.8169446204725,-5.957480019173027,J021916.0-055726,55866.0,615.0,4391.0,2CXO J021916.0-055726,23740,2020-10-31,7.0
201128101010074,72,108612502010072,0861250201,70671,172.26461275488,58.535642844994,41534,4XMM J112903.3+583208,172.26442275855004,58.53573348327514,J112903.4+583208,56666.0,471.0,7099.0,2CXO J112903.4+583208,6227,2005-02-14,10.2
208273305010008,21,108638102010021,0863810201,70785,187.46796696435,11.677220986696,30762,4XMM J122952.3+114038,187.46800160071007,11.677433306180394,J122952.3+114038,53166.0,170.0,1615.0,2CXO J122952.3+114038,10241,2009-02-22,29.4
201451902010030,38,109130802010038,0913080201,72824,229.06691097025,56.28390558918,69764,4XMM J151616.0+561701,229.0670223994407,56.283780157629536,J151616.0+561701,56453.0,504.0,6796.0,2CXO J151616.0+561701,20830,2017-11-07,51.3
201125217010043,44,101125217010043,0112521701,55737,187.16271713912,44.030487319998,13000,4XMM J122839.0+440149,187.1628053080542,44.03059594409195,J122839.0+440150,56367.0,414.0,6636.0,2CXO J122839.0+440150,2031,2001-02-04,26.6
201123707010014,14,101123707010014,0112370701,55684,34.379855160162,-5.3057977383976,47648,4XMM J021731.1-051820,34.379757242761855,-5.305857653880196,J021731.1-051821,56605.0,463.0,7236.0,2CXO J021731.1-051821,17288,2015-10-02,48.6
202006301010012,12,102006301010012,0200630101,57392,134.9245135073,39.170027829899,27036,4XMM J085941.8+391011,134.92399453898753,39.16988027030593,J085941.7+391011,55973.0,742.0,4608.0,2CXO J085941.7+391011,6862,2006-01-26,14.9
200731403010015,21,108918003010021,0891800301,71622,241.24053036923,32.881867453004,28961,4XMM J160457.7+325254,241.2404088810074,32.88153257650129,J160457.6+325253,55719.0,723.0,4961.0,2CXO J160457.6+325253,2791,2002-01-07,20.4
200423413010006,6,100423413010006,0042341301,54301,354.38219602204,0.43308897456528,8999,4XMM J233731.7+002559,354.3824567106792,0.4332929204472137,J233731.7+002600,52525.0,493.0,682.0,2CXO J233731.7+002600,3248,2002-07-08,9.2
206050009015004,5,106050009015004,0605000901,61558,137.45325644036,10.942939356311,12675,4XMM J090948.6+105633,137.45255062424735,10.94286541896549,J090948.6+105634,53050.0,431.0,1739.0,2CXO J090948.6+105634,924,2000-10-02,29.8
202012301010003,4,102012301010003,0201230101,57461,326.04896184336,28.171915818837,32636,4XMM J214411.7+281018,326.04892893646206,28.171977706289177,J214411.7+281019,56190.0,778.0,5965.0,2CXO J214411.7+281019,9318,2008-01-08,8.0
201082602010142,128,101082602010142,0108260201,55129,186.44215753052,12.883810511743,81990,4XMM J122546.0+125301,186.44233378931585,12.883613997070755,J122546.1+125301,53120.0,559.0,1614.0,2CXO J122546.1+125301,318,2000-04-07,14.6
204044102010001,3,104044101010003,0404410101,59270,18.842491756583,0.25520005972557,45344,4XMM J011522.2+001518,18.84246855558638,0.2551929880827085,J011522.1+001518,52202.0,497.0,695.0,2CXO J011522.1+001518,3204,2002-11-01,37.6
201109302015076,34,108027107010034,0802710701,68586,150.49335428818,55.526337953009,19441,4XMM J100158.2+553135,150.49290180356007,55.5264832897039,J100158.3+553135,56011.0,80.0,5743.0,2CXO J100158.3+553135,7851,2006-12-27,4.7
201635601010016,16,101635601010016,0163560101,57293,197.20082190515,21.53862810975,30236,4XMM J130848.1+213218,197.2009218874075,21.538576888709525,J130848.2+213218,56047.0,542.0,5864.0,2CXO J130848.2+213218,2790,2002-05-21,19.2
200131401010032,9,102018304010009,0201830401,57505,213.2066000163,-3.1223769439619,22001,4XMM J141249.6-030720,213.2070914558974,-3.122107893524904,J141249.7-030719,52378.0,84.0,916.0,2CXO J141249.7-030719,358,2000-08-14,8.8
205601920010111,111,105601920010111,0560192001,61190,11.317237958292,-1.8312722726034,34419,4XMM J004516.1-014952,11.31656806772952,-1.8317078938270093,J004515.9-014954,55827.0,993.0,4369.0,2CXO J004515.9-014954,19588,2017-08-21,49.4
207619501010029,29,107619501010029,0761950101,65853,168.6544123954,12.871094544225,26542,4XMM J111437.0+125215,168.65445363389097,12.870800781616316,J111437.0+125215,56000.0,960.0,5364.0,2CXO J111437.0+125215,5629,2005-02-08,6.0
201128101010074,87,108612501010087,0861250101,70646,172.26347440995,58.535307789445,49561,4XMM J112903.3+583208,172.26442275855004,58.53573348327514,J112903.4+583208,56666.0,471.0,7099.0,2CXO J112903.4+583208,6227,2005-02-14,10.2
202046501010001,1,102046512010001,0204651201,57845,179.11783896595,55.125642637589,10197,4XMM J115628.2+550732,179.1173302056127,55.12516238500589,J115628.1+550730,52672.0,359.0,1018.0,2CXO J115628.1+550730,4845,2004-01-03,9.2
205006702010040,39,105006702010040,0500670201,59825,260.16256985917,26.563620392674,28538,4XMM J172039.0+263348,260.16295364908115,26.56362993327616,J172039.1+263348,55709.0,750.0,5016.0,2CXO J172039.1+263348,3224,2002-10-03,23.8
203002106010008,4,104021903010006,0402190301,59097,356.19319614068,9.0940278074302,26341,4XMM J234446.3+090538,356.1931274408752,9.09396200676222,J234446.3+090538,56190.0,740.0,6160.0,2CXO J234446.3+090538,4941,2004-05-17,16.1
